timestamp,node_id,temp_front,temp_rear,temp_pv_bifacial,current_front,current_rear,bme_temperature,bme_humidity,bme_pressure,arduino_uptime
2026-08-21T12:48:54.622Z,1,30.5,29.75,28.75,81.1,83.0,32.77,44.45,993.1,110
2026-08-21T12:49:04.624Z,1,31.0,30.0,29.0,81.1,83.1,33.04,44.2,993.1,120
2026-08-21T12:49:14.623Z,1,31.5,30.5,29.0,81.0,83.0,33.28,43.75,993.1,130
2026-08-21T12:49:24.631Z,1,32.0,31.0,29.25,81.1,83.0,33.49,43.34,993.0,140
2026-08-21T12:49:34.630Z,1,32.5,31.5,29.5,80.9,83.0,33.68,43.32,993.1,150
2026-08-21T12:49:44.632Z,1,32.75,32.0,29.75,81.0,83.0,33.84,42.72,993.0,160
2026-08-21T12:49:54.641Z,1,33.25,32.25,30.0,80.5,82.6,33.93,42.24,993.0,170
2026-08-21T12:50:04.639Z,1,33.75,32.75,30.25,80.5,82.5,34.08,42.26,993.1,180
2026-08-21T12:50:14.646Z,1,34.25,33.25,30.25,80.6,82.6,34.22,42.09,993.1,190
2026-08-21T12:50:24.652Z,1,34.75,33.5,30.5,80.4,82.4,34.38,42.11,993.1,200
2026-08-21T12:50:34.652Z,1,35.0,34.0,30.75,80.19,82.2,34.53,41.83,993.1,210
2026-08-21T12:50:44.657Z,1,35.5,34.25,30.75,66.0,82.2,34.58,41.72,993.1,220
2026-08-21T12:50:54.663Z,1,35.75,34.75,31.0,60.7,82.2,34.68,41.72,993.1,230
2026-08-21T12:51:04.676Z,1,36.25,35.0,31.25,60.5,82.1,34.8,41.89,993.1,240
2026-08-21T12:51:14.741Z,1,36.5,35.5,31.25,60.4,82.1,34.89,41.78,993.1,250
2026-08-21T12:51:24.809Z,1,37.0,35.75,31.5,60.3,82.3,35.02,41.54,993.1,260
2026-08-21T12:51:34.876Z,1,37.25,36.25,31.75,57.5,82.2,35.16,41.72,993.1,270
2026-08-21T12:51:44.941Z,1,37.5,36.5,31.75,57.3,82.0,35.33,41.31,993.1,280
2026-08-21T12:51:54.686Z,1,37.75,36.75,32.0,57.3,81.9,35.36,41.06,993.1,285
2026-08-21T12:52:04.688Z,1,38.0,37.0,32.0,56.9,81.8,35.38,41.2,993.1,295
2026-08-21T12:52:14.690Z,1,38.25,37.5,32.25,50.3,81.69,35.11,41.03,993.1,305
2026-08-21T12:52:24.696Z,1,38.75,37.75,32.25,51.0,81.8,35.2,40.85,993.1,315
2026-08-21T12:52:34.695Z,1,39.0,38.0,32.5,50.4,81.6,35.12,40.88,993.0,325
2026-08-21T12:52:44.699Z,1,39.25,38.25,32.5,49.4,81.3,35.18,40.76,993.1,335
2026-08-21T12:52:54.704Z,1,39.5,38.5,32.75,49.4,81.3,35.23,40.89,993.1,345
2026-08-21T12:53:04.705Z,1,39.75,39.0,32.75,49.5,81.4,35.25,40.85,993.1,355
2026-08-21T12:53:14.709Z,1,40.25,39.25,33.0,49.3,81.4,35.28,40.5,993.1,365
2026-08-21T12:53:24.710Z,1,40.5,39.5,33.0,49.5,81.4,35.25,40.18,993.1,375
2026-08-21T12:53:34.710Z,1,40.75,39.75,33.25,49.5,81.4,35.38,40.25,993.1,385
2026-08-21T12:53:44.714Z,1,41.0,40.0,33.25,49.4,81.4,35.4,40.45,993.1,395
2026-08-21T12:53:54.720Z,1,41.0,40.25,33.25,49.3,81.3,35.37,40.6,993.1,405
2026-08-21T12:54:04.724Z,1,41.25,40.5,33.5,48.9,81.3,35.28,40.58,993.0,415
2026-08-21T12:54:14.723Z,1,41.5,40.75,33.5,46.6,81.3,35.36,40.5,993.1,425
2026-08-21T12:54:24.726Z,1,41.75,40.75,33.5,46.5,81.19,35.41,40.23,993.1,435
2026-08-21T12:54:34.731Z,1,42.0,41.0,33.75,46.6,81.4,35.45,40.4,993.1,445
2026-08-21T12:54:44.735Z,1,42.0,41.25,33.75,46.7,81.5,35.41,40.21,993.1,455
2026-08-21T12:54:54.741Z,1,42.25,41.5,33.75,46.8,81.6,35.36,40.26,993.0,465
2026-08-21T12:55:04.747Z,1,42.5,41.75,33.75,46.7,81.5,35.34,40.33,993.0,475
2026-08-21T12:55:14.744Z,1,42.5,41.75,34.0,46.7,81.5,35.43,40.37,993.1,485
2026-08-21T12:55:24.745Z,1,42.75,42.0,34.0,46.7,81.5,35.56,40.34,993.1,495
2026-08-21T12:55:34.756Z,1,42.75,42.25,34.0,46.6,81.3,35.36,40.32,993.1,505
2026-08-21T12:55:44.758Z,1,43.0,42.25,34.0,46.7,81.3,35.27,40.51,993.1,515
2026-08-21T12:55:54.763Z,1,43.0,42.5,34.25,46.5,81.3,35.25,40.45,992.9,525
2026-08-21T12:56:04.766Z,1,43.25,42.75,34.25,46.6,81.19,35.27,40.67,993.0,535
2026-08-21T12:56:14.766Z,1,43.25,42.75,34.25,46.5,81.19,35.15,40.62,993.0,545
2026-08-21T12:56:24.771Z,1,43.5,43.0,34.5,46.5,81.1,35.16,40.75,993.0,555
2026-08-21T12:56:34.773Z,1,43.5,43.0,34.5,46.6,81.3,35.33,40.65,993.0,565
2026-08-21T12:56:44.778Z,1,43.5,43.25,34.5,46.6,81.3,35.39,40.42,993.0,575
2026-08-21T12:56:54.783Z,1,43.75,43.25,34.5,46.6,81.1,35.49,40.56,993.0,585
2026-08-21T12:57:04.789Z,1,44.0,43.5,34.5,46.6,81.3,35.55,40.15,993.0,595
2026-08-21T12:57:14.786Z,1,44.0,43.5,34.5,46.7,81.6,35.54,40.1,993.0,605
2026-08-21T12:57:24.789Z,1,44.0,43.75,34.75,46.7,81.5,35.52,40.13,993.0,615
2026-08-21T12:57:34.798Z,1,44.0,43.75,34.75,46.8,81.69,35.53,40.28,993.0,625
2026-08-21T12:57:44.801Z,1,44.25,43.75,34.75,46.9,81.9,35.55,40.15,993.0,635
2026-08-21T12:57:54.807Z,1,44.25,44.0,34.75,47.0,81.9,35.61,40.26,993.0,645
2026-08-21T12:58:04.809Z,1,44.25,44.0,34.75,47.1,82.2,35.68,40.0,993.0,655
2026-08-21T12:58:14.812Z,1,44.5,44.0,34.75,47.1,82.1,35.75,39.98,993.1,665
2026-08-21T12:58:24.814Z,1,44.5,44.25,34.75,47.1,82.1,35.72,39.93,993.1,675
2026-08-21T12:58:34.814Z,1,44.5,44.25,34.75,46.9,81.9,35.78,40.01,993.0,685
2026-08-21T12:58:44.822Z,1,44.75,44.25,34.75,47.0,82.0,35.79,39.86,993.0,695
2026-08-21T12:58:54.827Z,1,44.75,44.5,35.0,47.2,82.3,35.88,39.97,993.1,705
2026-08-21T12:59:04.830Z,1,44.75,44.5,35.0,47.2,82.3,35.95,39.81,993.1,715
2026-08-21T12:59:14.833Z,1,45.0,44.5,35.0,47.2,82.4,35.86,39.61,993.0,725
2026-08-21T12:59:24.839Z,1,45.0,44.75,35.0,47.2,82.4,35.93,39.66,993.1,735
2026-08-21T12:59:34.841Z,1,45.0,44.75,35.0,47.2,82.5,35.99,39.57,993.0,745
2026-08-21T12:59:44.847Z,1,45.0,44.75,35.0,47.4,82.6,36.02,39.66,993.1,755
2026-08-21T12:59:54.851Z,1,45.0,44.75,35.0,47.3,82.6,36.0,39.64,993.0,765
2026-08-21T13:00:04.858Z,1,45.0,45.0,35.25,47.2,82.4,35.96,39.55,993.0,775
2026-08-21T13:00:14.854Z,1,45.25,45.0,35.25,47.5,82.7,35.93,39.64,993.0,785
2026-08-21T13:00:24.854Z,1,45.25,45.0,35.25,47.3,82.6,35.96,39.81,993.1,795
2026-08-21T13:00:34.866Z,1,45.25,45.25,35.25,47.4,82.7,35.95,39.65,993.1,805
2026-08-21T13:00:44.869Z,1,45.25,45.25,35.25,47.4,82.6,35.59,39.81,993.1,815
2026-08-21T13:00:54.875Z,1,45.5,45.25,35.25,47.4,82.7,35.39,39.94,993.1,825
2026-08-21T13:01:04.882Z,1,45.5,45.25,35.5,47.3,82.5,35.25,40.19,993.1,835
2026-08-21T13:01:14.885Z,1,45.5,45.5,35.5,47.1,82.3,35.31,40.21,993.0,845
2026-08-21T13:01:24.889Z,1,45.5,45.5,35.5,47.2,82.2,35.34,40.29,993.1,855
2026-08-21T13:01:34.891Z,1,45.5,45.5,35.75,47.1,82.2,35.32,40.13,993.1,865
2026-08-21T13:01:44.897Z,1,45.5,45.5,35.75,47.0,82.0,35.24,40.53,993.1,875
2026-08-21T13:01:54.902Z,1,45.75,45.75,35.75,46.9,81.9,35.34,40.62,993.0,885
2026-08-21T13:02:04.909Z,1,45.75,45.75,35.75,46.9,81.8,35.36,40.47,993.1,895
2026-08-21T13:02:14.910Z,1,45.75,45.75,35.75,47.0,81.9,35.23,40.35,993.0,905
2026-08-21T13:02:24.917Z,1,45.75,45.75,36.0,46.9,81.8,34.97,40.3,993.0,915
2026-08-21T13:02:34.921Z,1,45.75,46.0,36.0,46.8,81.5,35.14,40.46,993.0,925
2026-08-21T13:02:44.925Z,1,45.75,46.0,36.0,46.8,81.6,35.38,40.43,993.1,935
2026-08-21T13:02:54.931Z,1,45.75,46.0,36.0,46.9,81.69,35.61,40.36,993.0,945
2026-08-21T13:03:04.936Z,1,46.0,46.0,36.25,46.7,81.5,35.78,40.09,993.0,955
2026-08-21T13:03:14.938Z,1,46.0,46.0,36.25,46.8,81.6,35.88,39.87,993.0,965
2026-08-21T13:03:24.942Z,1,46.0,46.25,36.25,46.6,81.5,35.86,39.86,993.0,975
2026-08-21T13:03:34.943Z,1,46.0,46.25,36.25,46.5,81.3,36.0,39.82,993.0,985
2026-08-21T13:03:44.947Z,1,46.0,46.25,36.25,46.5,81.19,36.09,39.76,993.1,995
2026-08-21T13:03:54.954Z,1,46.25,46.25,36.25,46.5,81.0,36.15,39.63,993.0,1005
2026-08-21T13:04:04.955Z,1,46.25,46.5,36.25,46.4,81.0,36.09,39.55,993.0,1015
2026-08-21T13:04:14.999Z,1,46.25,46.25,36.25,46.4,80.9,36.08,39.55,993.0,1025
2026-08-21T13:04:25.068Z,1,46.25,46.5,36.25,46.3,80.8,36.12,39.59,992.9,1035
2026-08-21T13:04:35.137Z,1,46.25,46.5,36.25,46.2,80.5,36.09,39.62,993.0,1045
2026-08-21T13:04:45.204Z,1,46.25,46.5,36.25,46.1,80.3,36.16,39.64,992.9,1055
2026-08-21T13:04:55.272Z,1,46.25,46.5,36.25,46.1,80.5,35.75,39.87,993.0,1065
2026-08-21T13:05:04.978Z,1,46.25,46.5,36.25,46.0,80.4,35.68,40.1,993.0,1070
2026-08-21T13:05:14.978Z,1,46.5,46.5,36.25,46.0,80.3,35.74,39.99,993.0,1080
2026-08-21T13:05:24.983Z,1,46.5,46.5,36.25,46.1,80.4,35.86,40.09,993.0,1090
2026-08-21T13:05:34.987Z,1,46.5,46.75,36.25,46.2,80.6,35.59,40.13,993.0,1100
2026-08-21T13:05:44.994Z,1,46.5,46.75,36.25,46.1,80.6,35.39,40.39,993.0,1110
2026-08-21T13:05:54.998Z,1,46.5,46.75,36.5,46.1,80.6,35.33,40.62,993.0,1120
2026-08-21T13:06:05.000Z,1,46.5,46.75,36.5,46.0,80.4,35.3,40.69,993.0,1130
2026-08-21T13:06:15.001Z,1,46.5,46.75,36.5,46.1,80.4,35.23,40.75,993.0,1140
2026-08-21T13:06:25.006Z,1,46.5,46.75,36.5,46.1,80.3,35.18,40.54,993.0,1150
2026-08-21T13:06:35.011Z,1,46.5,46.75,36.5,46.1,80.4,35.07,40.66,993.0,1160
2026-08-21T13:06:45.015Z,1,46.5,46.75,36.5,46.0,80.3,34.98,40.59,993.1,1170
2026-08-21T13:06:55.019Z,1,46.5,46.75,36.5,46.1,80.6,35.05,40.62,993.0,1180
2026-08-21T13:07:05.021Z,1,46.5,46.75,36.5,46.0,80.4,35.24,40.3,993.0,1190
2026-08-21T13:07:15.025Z,1,46.5,46.75,36.5,46.1,80.4,35.4,40.38,993.1,1200
2026-08-21T13:07:25.030Z,1,46.25,46.75,36.5,46.1,80.5,35.36,40.4,993.0,1210
2026-08-21T13:07:35.029Z,1,46.5,46.75,36.5,46.0,80.3,35.41,40.29,993.0,1220
2026-08-21T13:07:45.034Z,1,46.5,46.75,36.5,46.0,80.1,35.23,40.06,993.0,1230
2026-08-21T13:07:55.039Z,1,46.5,46.75,36.5,45.9,80.1,35.34,39.93,992.9,1240
2026-08-21T13:08:05.042Z,1,46.5,46.75,36.5,45.9,80.19,35.38,39.96,993.0,1250
2026-08-21T13:08:15.042Z,1,46.25,46.75,36.5,45.9,80.1,35.43,39.97,993.0,1260
2026-08-21T13:08:25.047Z,1,46.25,46.75,36.5,45.8,80.1,35.5,39.68,993.0,1270
2026-08-21T13:08:35.051Z,1,46.25,46.75,36.5,45.9,80.19,35.62,39.68,993.0,1280
2026-08-21T13:08:45.057Z,1,46.25,46.75,36.25,45.9,80.1,35.75,39.6,993.0,1290
2026-08-21T13:08:55.059Z,1,46.25,46.75,36.5,45.9,80.1,35.58,39.93,993.1,1300
2026-08-21T13:09:05.065Z,1,46.25,46.75,36.5,45.8,80.0,35.49,40.03,993.0,1310
2026-08-21T13:09:15.067Z,1,46.25,46.75,36.5,45.7,79.69,35.24,40.1,993.0,1320
2026-08-21T13:09:25.074Z,1,46.25,46.75,36.5,45.7,79.8,35.27,40.1,992.9,1330
2026-08-21T13:09:35.075Z,1,46.25,46.75,36.5,45.8,79.9,35.31,40.08,993.0,1340
2026-08-21T13:09:45.075Z,1,46.25,46.75,36.5,45.7,79.69,35.07,40.31,993.0,1350
2026-08-21T13:09:55.084Z,1,46.25,46.75,36.5,45.8,80.0,35.16,40.27,993.0,1360
2026-08-21T13:10:05.087Z,1,46.25,46.75,36.5,45.6,79.69,35.12,40.25,993.0,1370
2026-08-21T13:10:15.084Z,1,46.25,46.5,36.5,45.7,79.6,35.0,40.37,993.0,1380
2026-08-21T13:10:25.090Z,1,46.0,46.75,36.5,45.8,80.1,35.09,40.51,993.0,1390
2026-08-21T13:10:35.090Z,1,46.0,46.75,36.5,45.7,80.0,35.23,40.25,993.0,1400
2026-08-21T13:10:45.094Z,1,46.25,46.5,36.5,45.7,79.9,35.4,40.12,993.0,1410
2026-08-21T13:10:55.095Z,1,46.0,46.5,36.5,45.6,79.6,35.57,40.0,993.0,1420
2026-08-21T13:11:05.101Z,1,46.0,46.5,36.5,45.4,79.4,35.77,39.88,993.0,1430
2026-08-21T13:11:15.107Z,1,46.0,46.5,36.5,45.5,79.3,35.91,39.66,993.0,1440
2026-08-21T13:11:25.111Z,1,46.0,46.5,36.5,45.2,79.0,36.02,39.62,993.0,1450
2026-08-21T13:11:35.115Z,1,46.0,46.5,36.75,45.2,78.9,35.98,39.61,993.0,1460
2026-08-21T13:11:45.119Z,1,46.0,46.5,36.5,45.2,79.1,36.02,39.67,993.0,1470
2026-08-21T13:11:55.125Z,1,46.0,46.5,36.5,45.0,78.69,35.82,39.67,993.0,1480
2026-08-21T13:12:05.123Z,1,46.0,46.5,36.75,44.9,78.5,35.75,39.95,993.0,1490
2026-08-21T13:12:15.127Z,1,46.25,46.75,36.75,45.0,78.69,35.88,39.97,993.0,1500
2026-08-21T13:12:25.132Z,1,46.25,46.75,36.75,45.1,78.6,35.96,39.52,993.0,1510
2026-08-21T13:12:35.131Z,1,46.25,46.75,36.75,45.0,78.69,36.06,39.46,993.0,1520
2026-08-21T13:12:45.140Z,1,46.25,46.75,36.75,45.0,78.5,36.0,39.79,993.0,1530
2026-08-21T13:12:55.145Z,1,46.25,46.75,36.75,45.0,78.6,35.96,39.65,993.0,1540
2026-08-21T13:13:05.147Z,1,46.25,46.75,36.75,45.0,78.6,35.64,39.85,993.0,1550
2026-08-21T13:13:15.148Z,1,46.25,46.75,36.75,44.9,78.5,35.56,39.88,993.0,1560
2026-08-21T13:13:25.154Z,1,46.25,46.75,36.75,44.8,78.4,35.62,39.92,993.0,1570
2026-08-21T13:13:35.153Z,1,46.25,46.75,36.75,44.8,78.19,35.61,40.06,993.0,1580
2026-08-21T13:13:45.159Z,1,46.25,46.75,36.75,44.8,78.19,35.66,39.95,993.0,1590
2026-08-21T13:13:55.164Z,1,46.25,46.5,36.75,44.7,78.19,35.74,39.75,993.0,1600
2026-08-21T13:14:05.166Z,1,46.25,46.75,36.75,44.8,78.19,35.68,39.82,993.0,1610
2026-08-21T13:14:15.171Z,1,46.25,46.75,36.75,44.6,78.1,35.84,39.87,993.0,1620
2026-08-21T13:14:25.175Z,1,46.25,46.75,36.75,44.6,78.0,35.84,39.8,992.9,1630
2026-08-21T13:14:35.174Z,1,46.25,46.75,36.75,44.5,77.9,35.87,39.8,993.0,1640
2026-08-21T13:14:45.183Z,1,46.25,46.75,36.75,44.5,77.69,35.81,39.73,992.9,1650
2026-08-21T13:14:55.188Z,1,46.25,46.75,36.5,44.4,77.6,35.8,39.54,992.9,1660
2026-08-21T13:15:05.188Z,1,46.25,46.75,36.5,44.3,77.5,35.79,39.7,993.0,1670
2026-08-21T13:15:15.193Z,1,46.25,46.75,36.5,44.3,77.4,35.89,39.5,993.0,1680
2026-08-21T13:15:25.200Z,1,46.25,46.5,36.5,44.2,77.4,35.84,39.63,993.0,1690
2026-08-21T13:15:35.201Z,1,46.25,46.5,36.5,44.3,77.4,35.75,39.62,993.0,1700
2026-08-21T13:15:45.203Z,1,46.25,46.5,36.5,44.3,77.4,35.73,39.35,992.9,1710
2026-08-21T13:15:55.209Z,1,46.25,46.5,36.5,44.2,77.3,35.75,39.63,993.0,1720
2026-08-21T13:16:05.210Z,1,46.25,46.5,36.5,44.1,77.19,35.75,39.59,993.0,1730
2026-08-21T13:16:15.214Z,1,46.25,46.5,36.5,44.0,77.1,35.56,39.81,993.0,1740
2026-08-21T13:16:25.215Z,1,46.25,46.5,36.5,44.0,77.1,35.41,40.01,993.0,1750
2026-08-21T13:16:35.218Z,1,46.0,46.5,36.5,44.0,77.0,35.48,40.03,993.0,1760
2026-08-21T13:16:45.223Z,1,46.0,46.5,36.75,43.9,76.8,35.41,39.92,993.0,1770
2026-08-21T13:16:55.228Z,1,46.0,46.5,36.75,43.8,76.69,35.15,40.11,993.0,1780
2026-08-21T13:17:05.227Z,1,46.0,46.5,36.75,43.9,76.69,35.24,40.35,993.0,1790
2026-08-21T13:17:15.297Z,1,46.0,46.5,36.75,43.8,76.5,35.41,39.95,993.0,1800
2026-08-21T13:17:25.365Z,1,46.0,46.5,36.75,43.7,76.5,35.53,39.96,993.0,1810
2026-08-21T13:17:35.433Z,1,46.0,46.5,36.75,43.6,76.4,35.68,39.9,993.0,1820
2026-08-21T13:17:45.502Z,1,46.0,46.5,36.75,43.6,76.3,35.86,39.9,993.0,1830
2026-08-21T13:17:55.243Z,1,46.0,46.5,36.75,43.6,76.3,35.95,39.91,993.0,1835
2026-08-21T13:18:05.242Z,1,46.0,46.5,36.75,43.5,76.19,36.09,39.66,992.9,1845
2026-08-21T13:18:15.246Z,1,46.0,46.5,36.75,43.4,76.1,36.27,39.57,993.0,1855
2026-08-21T13:18:25.248Z,1,46.0,46.5,36.75,43.3,75.6,36.04,39.51,993.0,1865
2026-08-21T13:18:35.251Z,1,46.25,46.5,37.0,43.1,75.4,35.87,39.65,993.0,1875
2026-08-21T13:18:45.254Z,1,46.25,46.5,37.0,43.0,75.3,35.74,40.13,993.0,1885
2026-08-21T13:18:55.258Z,1,46.25,46.75,37.0,42.9,75.19,35.74,40.17,993.0,1895
2026-08-21T13:19:05.256Z,1,46.25,46.5,37.0,42.9,75.0,35.84,40.3,993.0,1905
2026-08-21T13:19:15.263Z,1,46.25,46.75,37.25,42.9,75.1,36.0,39.99,993.0,1915
2026-08-21T13:19:25.264Z,1,46.25,46.75,37.25,42.8,75.0,36.0,39.74,993.1,1925
2026-08-21T13:19:35.264Z,1,46.25,46.75,37.25,42.7,74.69,35.99,39.88,993.0,1935
2026-08-21T13:19:45.270Z,1,46.25,46.75,37.25,42.8,74.69,36.02,39.61,993.0,1945
2026-08-21T13:19:55.274Z,1,46.5,46.75,37.25,42.8,74.69,35.88,39.62,993.1,1955
2026-08-21T13:20:05.276Z,1,46.5,46.75,37.25,42.6,74.6,35.79,39.53,993.0,1965
2026-08-21T13:20:15.276Z,1,46.5,46.75,37.25,42.6,74.4,35.43,39.65,993.0,1975
2026-08-21T13:20:25.281Z,1,46.5,46.75,37.25,42.5,74.4,35.41,39.93,993.0,1985
2026-08-21T13:20:35.284Z,1,46.5,46.75,37.25,42.4,74.3,35.5,39.97,993.0,1995
2026-08-21T13:20:45.283Z,1,46.5,46.75,37.25,42.4,74.3,35.41,40.13,993.0,2005
2026-08-21T13:20:55.291Z,1,46.5,46.75,37.5,42.3,74.1,35.37,40.24,993.0,2015
2026-08-21T13:21:05.298Z,1,46.5,46.75,37.5,42.4,74.1,35.41,40.2,993.0,2025
2026-08-21T13:21:15.298Z,1,46.5,46.75,37.5,42.3,74.0,35.46,40.01,993.0,2035
2026-08-21T13:21:25.304Z,1,46.5,46.75,37.5,42.3,73.9,35.58,39.7,992.9,2045
2026-08-21T13:21:35.305Z,1,46.5,46.75,37.25,42.1,73.8,35.66,39.88,993.0,2055
2026-08-21T13:21:45.306Z,1,46.5,46.75,37.25,42.0,73.6,35.5,39.99,993.0,2065
2026-08-21T13:21:55.315Z,1,46.5,46.75,37.25,41.9,73.4,35.41,39.97,993.1,2075
2026-08-21T13:22:05.320Z,1,46.5,46.75,37.25,41.9,73.4,35.34,40.03,993.0,2085
2026-08-21T13:22:15.321Z,1,46.25,46.75,37.25,41.9,73.5,35.41,40.17,993.0,2095
2026-08-21T13:22:25.323Z,1,46.25,46.75,37.25,42.0,73.5,35.41,40.21,993.0,2105
2026-08-21T13:22:35.328Z,1,46.25,46.75,37.25,41.9,73.4,35.56,40.08,993.0,2115
2026-08-21T13:22:45.333Z,1,46.25,46.75,37.25,41.9,73.4,35.68,40.18,993.0,2125
2026-08-21T13:22:55.338Z,1,46.25,46.75,37.25,41.9,73.3,35.8,39.78,993.0,2135
2026-08-21T13:23:05.343Z,1,46.25,46.75,37.25,41.9,73.4,35.74,39.7,993.0,2145
2026-08-21T13:23:15.342Z,1,46.25,46.75,37.25,41.8,73.1,35.65,39.91,993.0,2155
2026-08-21T13:23:25.349Z,1,46.25,46.5,37.25,41.6,72.9,35.7,39.92,993.0,2165
2026-08-21T13:23:35.351Z,1,46.25,46.5,37.25,41.7,72.9,35.65,39.85,993.0,2175
2026-08-21T13:23:45.357Z,1,46.25,46.5,37.25,41.5,72.69,35.52,39.93,992.9,2185
2026-08-21T13:23:55.357Z,1,46.25,46.5,37.0,41.4,72.5,35.55,39.89,992.8,2195
2026-08-21T13:24:05.362Z,1,46.0,46.5,37.0,41.4,72.6,35.53,40.06,993.0,2205
2026-08-21T13:24:15.366Z,1,46.0,46.5,37.0,41.3,72.4,35.59,39.99,993.1,2215
2026-08-21T13:24:25.369Z,1,46.0,46.5,37.0,41.3,72.4,35.54,40.02,993.1,2225
2026-08-21T13:24:35.375Z,1,46.0,46.5,37.0,41.3,72.3,35.27,40.33,993.1,2235
2026-08-21T13:24:45.381Z,1,46.0,46.25,37.0,41.2,72.1,35.14,40.5,993.1,2245
2026-08-21T13:24:55.385Z,1,45.75,46.25,37.0,41.0,72.0,35.11,40.13,993.0,2255
2026-08-21T13:25:05.386Z,1,45.75,46.25,37.0,41.1,72.0,35.06,40.36,993.1,2265
2026-08-21T13:25:15.393Z,1,45.75,46.25,37.0,41.0,71.9,35.02,40.47,993.1,2275
2026-08-21T13:25:25.399Z,1,45.75,46.0,37.0,41.0,71.9,35.12,40.41,993.1,2285
2026-08-21T13:25:35.401Z,1,45.75,46.0,36.75,41.0,71.8,35.22,40.19,993.1,2295
2026-08-21T13:25:45.405Z,1,45.5,46.0,36.75,40.9,71.8,35.15,40.16,993.0,2305
2026-08-21T13:25:55.411Z,1,45.5,46.0,36.75,41.0,71.8,35.22,40.25,993.0,2315
2026-08-21T13:26:05.413Z,1,45.5,46.0,36.75,40.8,71.69,35.14,40.27,993.0,2325
2026-08-21T13:26:15.420Z,1,45.5,45.75,36.5,40.8,71.6,35.2,40.23,993.0,2335
2026-08-21T13:26:25.425Z,1,45.25,45.75,36.5,40.8,71.5,35.34,40.16,993.1,2345
2026-08-21T13:26:35.426Z,1,45.25,45.75,36.5,40.8,71.5,35.43,40.23,993.0,2355
2026-08-21T13:26:45.430Z,1,45.25,45.75,36.5,40.7,71.5,35.5,40.17,993.0,2365
2026-08-21T13:26:55.434Z,1,45.25,45.75,36.5,40.7,71.4,35.57,39.99,992.9,2375
2026-08-21T13:27:05.437Z,1,45.25,45.5,36.5,40.7,71.4,35.62,39.95,993.0,2385
2026-08-21T13:27:15.451Z,1,45.25,45.5,36.5,40.7,71.3,35.59,40.09,993.0,2395
2026-08-21T13:27:25.450Z,1,45.0,45.5,36.25,40.7,71.4,35.68,39.93,993.0,2405
2026-08-21T13:27:35.452Z,1,45.25,45.5,36.5,40.59,71.19,35.74,40.07,993.0,2415
2026-08-21T13:27:45.462Z,1,45.0,45.5,36.5,40.59,71.19,35.7,39.77,993.0,2425
2026-08-21T13:27:55.462Z,1,45.0,45.5,36.5,40.5,71.1,35.55,40.13,993.0,2435
2026-08-21T13:28:05.460Z,1,45.0,45.5,36.25,40.5,71.0,35.5,40.04,993.0,2445
2026-08-21T13:28:15.482Z,1,45.0,45.5,36.25,40.4,70.9,35.5,40.17,993.0,2455
2026-08-21T13:28:25.476Z,1,45.0,45.5,36.5,40.4,70.8,35.5,40.24,993.0,2465
2026-08-21T13:28:35.472Z,1,45.0,45.5,36.25,40.4,70.9,35.66,40.17,993.0,2475
2026-08-21T13:28:45.478Z,1,45.0,45.25,36.5,40.3,70.69,35.74,40.09,993.0,2485
2026-08-21T13:28:55.483Z,1,44.75,45.5,36.25,40.2,70.69,35.8,40.12,993.0,2495
2026-08-21T13:29:05.481Z,1,45.0,45.25,36.5,40.2,70.5,35.9,40.18,993.0,2505
2026-08-21T13:29:15.485Z,1,45.0,45.25,36.5,40.2,70.5,35.86,40.29,993.0,2515
2026-08-21T13:29:25.491Z,1,44.75,45.25,36.5,40.2,70.5,35.93,40.2,993.0,2525
2026-08-21T13:29:35.489Z,1,44.75,45.5,36.5,40.09,70.3,36.0,40.14,993.0,2535
2026-08-21T13:29:45.496Z,1,45.0,45.25,36.75,40.09,70.3,36.09,40.11,993.0,2545
2026-08-21T13:29:55.501Z,1,45.0,45.5,36.75,39.9,70.1,36.04,39.93,993.0,2555
2026-08-21T13:30:05.563Z,1,45.0,45.5,36.75,40.0,70.1,35.75,39.96,993.1,2565
2026-08-21T13:30:15.633Z,1,45.0,45.5,36.75,40.0,70.3,35.79,40.13,993.0,2575
2026-08-21T13:30:25.699Z,1,45.0,45.5,36.75,39.9,70.1,35.93,40.08,993.0,2585
2026-08-21T13:30:35.767Z,1,45.25,45.5,37.0,40.0,70.1,36.09,40.28,993.0,2595
2026-08-21T13:30:45.519Z,1,45.0,45.5,37.0,39.9,70.1,36.16,40.27,993.0,2600
2026-08-21T13:30:55.524Z,1,45.25,45.75,37.0,40.0,70.1,36.32,39.86,993.0,2610
2026-08-21T13:31:05.528Z,1,45.25,45.75,37.0,39.8,70.1,36.45,39.7,992.9,2620
2026-08-21T13:31:15.528Z,1,45.25,45.75,37.0,39.9,70.0,36.56,39.72,993.0,2630
2026-08-21T13:31:25.533Z,1,45.25,45.75,37.25,39.9,70.1,36.64,39.27,992.9,2640
2026-08-21T13:31:35.539Z,1,45.5,45.75,37.25,39.8,70.1,36.73,39.24,993.0,2650
2026-08-21T13:31:45.542Z,1,45.5,45.75,37.25,39.9,70.1,36.83,39.3,992.9,2660
2026-08-21T13:31:55.546Z,1,45.5,45.75,37.25,39.9,69.9,36.84,38.86,992.9,2670
2026-08-21T13:32:05.545Z,1,45.5,46.0,37.25,39.8,69.9,36.84,38.9,992.9,2680
2026-08-21T13:32:15.551Z,1,45.5,46.0,37.25,39.8,69.8,36.81,39.02,993.0,2690
2026-08-21T13:32:25.554Z,1,45.75,46.0,37.25,39.8,69.8,36.89,38.89,993.0,2700
2026-08-21T13:32:35.558Z,1,45.75,46.0,37.25,39.8,69.8,37.0,38.79,993.0,2710
2026-08-21T13:32:45.563Z,1,45.75,46.0,37.5,39.8,69.8,37.11,38.78,993.0,2720
2026-08-21T13:32:55.566Z,1,45.75,46.0,37.5,39.7,69.69,37.18,38.82,993.0,2730
2026-08-21T13:33:05.568Z,1,45.75,46.25,37.5,39.7,69.8,37.18,38.75,993.0,2740
2026-08-21T13:33:15.571Z,1,45.75,46.25,37.5,39.7,69.69,37.21,38.46,993.0,2750
2026-08-21T13:33:25.576Z,1,46.0,46.25,37.5,39.7,69.69,37.02,38.55,993.0,2760
2026-08-21T13:33:35.578Z,1,46.0,46.25,37.5,39.7,69.69,37.0,38.68,993.0,2770
2026-08-21T13:33:45.583Z,1,46.0,46.25,37.5,39.59,69.6,36.95,38.61,992.9,2780
2026-08-21T13:33:55.589Z,1,46.0,46.25,37.5,39.59,69.5,36.93,38.81,993.0,2790
2026-08-21T13:34:05.593Z,1,46.0,46.25,37.5,39.59,69.6,36.8,38.85,992.9,2800
2026-08-21T13:34:15.594Z,1,46.0,46.25,37.5,39.5,69.4,36.09,39.35,993.0,2810
2026-08-21T13:34:25.596Z,1,46.0,46.25,37.5,39.4,69.3,35.97,39.57,993.0,2820
2026-08-21T13:34:35.599Z,1,46.0,46.25,37.5,39.4,69.0,36.07,39.61,992.9,2830
2026-08-21T13:34:45.602Z,1,46.25,46.25,37.5,39.2,69.0,36.21,39.61,992.9,2840
2026-08-21T13:34:55.607Z,1,46.0,46.25,37.75,39.2,69.0,36.34,39.37,992.9,2850
2026-08-21T13:35:05.613Z,1,46.25,46.25,37.75,39.2,68.8,36.49,39.22,993.0,2860
2026-08-21T13:35:15.617Z,1,46.25,46.25,37.75,39.2,68.8,36.55,39.01,993.0,2870
2026-08-21T13:35:25.618Z,1,46.25,46.25,37.75,39.09,68.8,36.56,38.88,992.9,2880
2026-08-21T13:35:35.624Z,1,46.0,46.25,37.5,38.9,68.6,36.54,38.91,992.9,2890
2026-08-21T13:35:45.627Z,1,46.0,46.25,37.5,39.0,68.5,36.49,39.03,992.9,2900
2026-08-21T13:35:55.634Z,1,46.0,46.25,37.5,38.9,68.4,36.43,38.95,992.9,2910
2026-08-21T13:36:05.637Z,1,46.0,46.25,37.5,38.8,68.3,36.28,39.05,992.9,2920
2026-08-21T13:36:15.636Z,1,46.0,46.25,37.25,38.8,68.19,36.31,39.28,992.9,2930
2026-08-21T13:36:25.639Z,1,46.0,46.25,37.25,38.7,68.1,36.4,39.33,992.9,2940
2026-08-21T13:36:35.647Z,1,46.0,46.25,37.25,38.59,67.9,36.47,39.48,992.9,2950
2026-08-21T13:36:45.653Z,1,46.0,46.0,37.25,38.5,67.8,36.36,39.49,992.9,2960
2026-08-21T13:36:55.656Z,1,46.0,46.25,37.25,38.5,67.8,36.43,39.42,992.9,2970
2026-08-21T13:37:05.659Z,1,46.0,46.0,37.25,38.5,67.69,36.54,39.34,992.9,2980
2026-08-21T13:37:15.663Z,1,46.0,46.25,37.25,38.59,67.69,36.59,39.33,992.9,2990
2026-08-21T13:37:25.666Z,1,46.0,46.25,37.5,38.4,67.6,36.68,39.38,992.9,3000
2026-08-21T13:37:35.669Z,1,46.0,46.25,37.5,38.4,67.6,36.68,39.28,992.9,3010
2026-08-21T13:37:45.667Z,1,46.0,46.25,37.5,38.4,67.5,36.79,39.32,992.9,3020
2026-08-21T13:37:55.676Z,1,46.0,46.25,37.5,38.3,67.5,36.86,39.46,992.9,3030
2026-08-21T13:38:05.681Z,1,46.0,46.25,37.5,38.4,67.4,36.62,39.45,993.0,3040
2026-08-21T13:38:15.685Z,1,46.0,46.25,37.5,38.2,67.19,36.49,39.11,992.9,3050
2026-08-21T13:38:25.687Z,1,46.0,46.25,37.5,38.2,67.19,36.46,39.17,992.9,3060
2026-08-21T13:38:35.690Z,1,46.0,46.25,37.5,38.2,67.19,36.3,39.3,992.9,3070
2026-08-21T13:38:45.693Z,1,46.0,46.25,37.5,38.09,67.1,36.0,39.58,992.9,3080
2026-08-21T13:38:55.700Z,1,46.0,46.25,37.75,37.9,66.9,35.83,39.92,992.9,3090
2026-08-21T13:39:05.705Z,1,46.0,46.25,37.75,38.0,66.8,35.82,40.0,993.0,3100
2026-08-21T13:39:15.709Z,1,46.0,46.25,37.75,38.0,66.8,35.95,39.71,992.9,3110
2026-08-21T13:39:25.714Z,1,46.0,46.25,37.75,37.8,66.5,36.03,39.61,992.9,3120
2026-08-21T13:39:35.715Z,1,46.0,46.25,37.5,37.8,66.6,36.11,39.59,992.9,3130
2026-08-21T13:39:45.718Z,1,46.0,46.25,37.5,37.7,66.3,36.24,39.42,992.9,3140
2026-08-21T13:39:55.722Z,1,45.75,46.25,37.5,37.7,66.19,36.16,39.16,992.8,3150
2026-08-21T13:40:05.728Z,1,46.0,46.25,37.5,37.59,66.1,36.16,39.24,992.9,3160
2026-08-21T13:40:15.732Z,1,46.0,46.0,37.5,37.5,65.9,36.08,39.39,992.9,3170
2026-08-21T13:40:25.730Z,1,46.0,46.25,37.75,37.4,65.8,36.0,39.48,992.9,3180
2026-08-21T13:40:35.732Z,1,45.75,46.0,37.75,37.3,65.8,35.77,39.6,992.9,3190
2026-08-21T13:40:45.738Z,1,45.75,46.0,37.75,37.3,65.6,35.73,39.79,992.9,3200
2026-08-21T13:40:55.743Z,1,45.75,46.0,37.75,37.3,65.6,35.88,39.75,992.9,3210
2026-08-21T13:41:05.745Z,1,45.75,46.0,37.75,37.3,65.5,36.05,39.67,992.9,3220
2026-08-21T13:41:15.749Z,1,45.75,46.0,37.75,37.3,65.5,36.06,39.31,992.8,3230
2026-08-21T13:41:25.754Z,1,45.75,46.0,37.75,37.2,65.5,36.09,39.49,992.8,3240
2026-08-21T13:41:35.756Z,1,45.75,46.0,37.75,37.2,65.5,36.15,39.59,992.8,3250
2026-08-21T13:41:45.760Z,1,45.75,46.0,37.75,37.09,65.3,36.07,39.59,992.8,3260
2026-08-21T13:41:55.765Z,1,45.75,46.0,37.75,37.09,65.19,36.12,39.55,992.8,3270
2026-08-21T13:42:05.765Z,1,45.75,46.0,37.75,37.0,65.1,36.27,39.43,992.8,3280
2026-08-21T13:42:15.773Z,1,45.75,46.0,37.75,36.9,65.0,36.36,39.36,992.8,3290
2026-08-21T13:42:25.778Z,1,45.75,46.0,37.75,36.8,64.8,36.34,39.37,992.8,3300
2026-08-21T13:42:35.776Z,1,45.75,46.0,37.75,36.7,64.69,36.41,39.34,992.9,3310
2026-08-21T13:42:45.783Z,1,45.75,46.0,37.75,36.8,64.8,36.38,39.48,992.9,3320
2026-08-21T13:42:55.842Z,1,45.75,46.0,37.75,36.7,64.69,36.23,39.71,992.9,3330
2026-08-21T13:43:05.911Z,1,45.75,46.0,37.75,36.7,64.6,36.22,39.07,992.9,3340
2026-08-21T13:43:15.980Z,1,45.75,46.0,37.75,36.59,64.5,36.13,39.33,992.8,3350
2026-08-21T13:43:26.049Z,1,45.75,46.0,37.5,36.4,64.19,36.07,39.23,992.8,3360
2026-08-21T13:43:36.118Z,1,45.75,46.0,37.5,36.4,64.1,35.87,39.36,992.8,3370
2026-08-21T13:43:45.809Z,1,45.75,46.0,37.5,36.4,64.1,35.88,39.39,992.8,3375
2026-08-21T13:43:55.814Z,1,45.5,46.0,37.5,36.4,64.1,35.88,39.59,992.9,3385
2026-08-21T13:44:05.817Z,1,45.5,46.0,37.5,36.3,64.0,35.87,39.68,992.9,3395
2026-08-21T13:44:15.823Z,1,45.5,45.75,37.5,36.2,63.8,35.99,39.69,992.9,3405
2026-08-21T13:44:25.829Z,1,45.5,45.75,37.5,36.09,63.7,36.08,39.58,992.9,3415
2026-08-21T13:44:35.832Z,1,45.5,45.75,37.5,36.0,63.6,36.16,39.46,992.8,3425
2026-08-21T13:44:45.834Z,1,45.5,45.75,37.5,36.0,63.5,36.0,39.5,992.8,3435
2026-08-21T13:44:55.839Z,1,45.25,45.75,37.5,36.0,63.4,35.79,39.65,992.8,3445
2026-08-21T13:45:05.843Z,1,45.25,45.75,37.25,35.9,63.3,35.84,39.86,992.9,3455
2026-08-21T13:45:15.850Z,1,45.25,45.75,37.5,35.9,63.3,35.74,39.76,992.9,3465
2026-08-21T13:45:25.856Z,1,45.25,45.5,37.5,35.8,63.2,35.77,39.97,992.9,3475
2026-08-21T13:45:35.859Z,1,45.25,45.5,37.5,35.8,63.1,35.89,39.84,992.8,3485
2026-08-21T13:45:45.864Z,1,45.25,45.5,37.5,35.8,63.0,36.02,39.84,992.9,3495
2026-08-21T13:45:55.869Z,1,45.25,45.5,37.5,35.7,63.0,36.09,39.66,992.8,3505
2026-08-21T13:46:05.867Z,1,45.25,45.5,37.5,35.7,63.0,36.18,39.58,992.8,3515
2026-08-21T13:46:15.875Z,1,45.25,45.5,37.5,35.59,62.8,36.28,39.35,992.8,3525
2026-08-21T13:46:25.876Z,1,45.25,45.5,37.25,35.59,62.7,36.05,39.35,992.9,3535
2026-08-21T13:46:35.876Z,1,45.25,45.5,37.5,35.4,62.5,35.93,39.5,992.8,3545
2026-08-21T13:46:45.884Z,1,45.0,45.5,37.5,35.4,62.5,36.07,39.48,992.9,3555
2026-08-21T13:46:55.890Z,1,45.0,45.5,37.5,35.4,62.4,36.18,39.46,992.8,3565
2026-08-21T13:47:05.888Z,1,45.0,45.25,37.5,35.4,62.3,36.27,39.47,992.8,3575
2026-08-21T13:47:15.895Z,1,45.0,45.25,37.5,35.4,62.3,36.33,39.18,992.8,3585
2026-08-21T13:47:25.900Z,1,45.0,45.25,37.5,35.4,62.3,36.25,39.31,992.8,3595
2026-08-21T13:47:35.903Z,1,45.0,45.25,37.5,35.3,62.2,36.22,39.51,992.8,3605
2026-08-21T13:47:45.906Z,1,45.0,45.25,37.5,35.3,62.2,36.13,39.62,992.9,3615
2026-08-21T13:47:55.912Z,1,45.0,45.25,37.5,35.09,62.1,35.91,39.74,992.8,3625
2026-08-21T13:48:05.914Z,1,45.0,45.25,37.5,35.09,62.0,35.95,39.42,992.8,3635
2026-08-21T13:48:15.922Z,1,45.0,45.25,37.25,35.09,61.9,35.86,39.53,992.9,3645
2026-08-21T13:48:25.926Z,1,45.0,45.25,37.25,35.0,61.8,35.84,39.28,992.9,3655
2026-08-21T13:48:35.929Z,1,45.0,45.25,37.25,35.0,61.7,35.88,39.13,992.8,3665
2026-08-21T13:48:45.934Z,1,44.75,45.25,37.25,35.0,61.7,35.62,39.41,992.9,3675
2026-08-21T13:48:55.939Z,1,44.75,45.0,37.25,35.0,61.8,35.59,39.65,992.9,3685
2026-08-21T13:49:05.941Z,1,44.75,45.0,37.25,34.9,61.6,35.73,39.63,992.9,3695
2026-08-21T13:49:15.946Z,1,44.75,45.0,37.25,34.9,61.6,35.63,39.64,992.8,3705
2026-08-21T13:49:25.950Z,1,44.75,45.0,37.0,34.9,61.6,35.66,39.37,992.8,3715
2026-08-21T13:49:35.953Z,1,44.75,45.0,37.0,34.8,61.5,35.64,39.46,992.9,3725
2026-08-21T13:49:45.958Z,1,44.5,45.0,37.0,34.7,61.3,35.64,39.66,992.9,3735
2026-08-21T13:49:55.963Z,1,44.5,44.75,37.0,34.59,61.1,35.58,39.53,992.8,3745
2026-08-21T13:50:05.969Z,1,44.5,44.75,36.75,34.59,61.0,35.66,39.59,992.9,3755
2026-08-21T13:50:15.970Z,1,44.5,44.75,36.75,43.7,61.0,35.68,39.5,992.8,3765
2026-08-21T13:50:25.974Z,1,44.25,44.75,36.75,34.59,61.0,35.75,39.44,992.9,3775
2026-08-21T13:50:35.976Z,1,44.25,44.5,36.75,44.1,61.0,35.7,39.59,992.9,3785
2026-08-21T13:50:45.975Z,1,44.25,44.5,36.75,43.8,60.9,35.66,39.78,992.9,3795
2026-08-21T13:50:55.984Z,1,44.25,44.5,36.75,43.7,60.7,35.8,39.51,992.9,3805
2026-08-21T13:51:05.990Z,1,44.25,44.5,36.75,43.7,60.6,35.89,39.26,992.9,3815
2026-08-21T13:51:15.989Z,1,44.0,44.5,36.75,43.8,60.5,35.91,39.2,992.9,3825
2026-08-21T13:51:25.990Z,1,44.0,44.25,36.75,43.8,60.3,35.7,39.25,992.8,3835
2026-08-21T13:51:35.998Z,1,44.0,44.25,36.75,43.8,60.3,35.75,39.44,992.9,3845
2026-08-21T13:51:46.003Z,1,44.0,44.25,36.75,43.7,60.2,35.68,39.36,992.8,3855
2026-08-21T13:51:56.008Z,1,44.0,44.25,36.75,43.7,60.2,35.65,39.27,992.9,3865
2026-08-21T13:52:06.012Z,1,44.0,44.25,36.5,43.6,60.0,35.62,39.51,992.9,3875
2026-08-21T13:52:16.014Z,1,44.0,44.25,36.5,43.4,59.8,35.49,39.5,992.9,3885
2026-08-21T13:52:26.020Z,1,43.75,44.0,36.5,43.4,59.8,35.56,39.41,992.9,3895
2026-08-21T13:52:36.020Z,1,43.75,44.0,36.5,43.3,59.7,35.55,39.4,992.8,3905
2026-08-21T13:52:46.022Z,1,43.75,44.0,36.5,43.2,59.5,35.31,39.62,992.9,3915
2026-08-21T13:52:56.030Z,1,43.75,44.0,36.5,43.1,59.4,35.07,39.86,992.9,3925
2026-08-21T13:53:06.032Z,1,43.75,44.0,36.5,43.2,59.4,34.87,40.06,992.9,3935
2026-08-21T13:53:16.033Z,1,43.5,44.0,36.5,43.1,59.4,34.88,40.25,992.9,3945
2026-08-21T13:53:26.040Z,1,43.5,43.75,36.75,43.1,59.4,34.96,40.08,992.8,3955
2026-08-21T13:53:36.040Z,1,43.5,43.75,36.75,43.2,59.3,34.98,40.1,992.8,3965
2026-08-21T13:53:46.043Z,1,43.5,43.75,36.75,43.2,59.2,35.13,39.93,992.8,3975
2026-08-21T13:53:56.050Z,1,43.5,43.75,36.75,43.1,59.2,35.18,39.9,992.9,3985
2026-08-21T13:54:06.054Z,1,43.25,43.75,36.75,43.1,59.2,35.22,39.83,992.8,3995
2026-08-21T13:54:16.057Z,1,43.25,43.75,36.75,43.1,59.2,35.2,39.96,992.9,4005
2026-08-21T13:54:26.061Z,1,43.25,43.75,36.75,43.0,59.0,34.96,40.18,992.9,4015
2026-08-21T13:54:36.062Z,1,43.25,43.75,36.75,42.9,58.9,35.03,40.29,992.9,4025
2026-08-21T13:54:46.067Z,1,43.25,43.5,36.75,42.8,59.0,35.16,40.22,992.8,4035
2026-08-21T13:54:56.072Z,1,43.25,43.5,36.5,42.7,58.9,35.15,39.94,992.9,4045
2026-08-21T13:55:06.074Z,1,43.25,43.5,36.75,42.7,58.8,35.0,40.11,992.9,4055
2026-08-21T13:55:16.071Z,1,43.25,43.5,36.75,42.6,58.7,35.08,40.14,992.8,4065
2026-08-21T13:55:26.078Z,1,43.25,43.5,36.75,42.8,58.7,35.18,39.85,992.8,4075
2026-08-21T13:55:36.078Z,1,43.0,43.5,36.5,42.8,58.7,35.25,39.94,992.8,4085
2026-08-21T13:55:46.085Z,1,43.0,43.25,36.5,42.6,58.5,35.39,39.94,992.9,4095
2026-08-21T13:55:56.150Z,1,43.0,43.25,36.5,42.5,58.3,35.4,39.95,992.8,4105
2026-08-21T13:56:06.219Z,1,43.0,43.25,36.5,42.6,58.4,35.29,40.26,992.9,4115
2026-08-21T13:56:16.288Z,1,43.0,43.25,36.5,42.6,58.3,35.34,39.93,992.8,4125
2026-08-21T13:56:26.355Z,1,43.0,43.25,36.5,42.5,58.1,35.45,39.79,992.8,4135
2026-08-21T13:56:36.100Z,1,43.0,43.25,36.5,42.5,58.1,35.49,39.71,992.8,4140
2026-08-21T13:56:46.106Z,1,43.0,43.25,36.5,42.5,58.2,35.56,39.66,992.8,4150
2026-08-21T13:56:56.110Z,1,42.75,43.25,36.5,42.4,58.1,35.64,39.67,992.8,4160
2026-08-21T13:57:06.110Z,1,42.75,43.25,36.5,42.2,57.9,35.66,39.66,992.8,4170
2026-08-21T13:57:16.114Z,1,43.0,43.25,36.5,42.2,57.6,35.53,39.47,992.8,4180
2026-08-21T13:57:26.119Z,1,43.0,43.25,36.5,42.2,57.8,35.57,39.37,992.8,4190
2026-08-21T13:57:36.119Z,1,42.75,43.25,36.5,42.1,57.6,35.61,39.33,992.8,4200
2026-08-21T13:57:46.126Z,1,42.75,43.25,36.5,42.1,57.5,35.49,39.56,992.7,4210
2026-08-21T13:57:56.131Z,1,42.75,43.25,36.5,41.9,57.3,35.45,39.52,992.8,4220
2026-08-21T13:58:06.136Z,1,42.75,43.25,36.25,41.8,57.2,35.5,39.51,992.8,4230
2026-08-21T13:58:16.136Z,1,42.75,43.0,36.25,41.7,57.1,35.54,39.41,992.8,4240
2026-08-21T13:58:26.138Z,1,42.75,43.0,36.25,41.9,57.3,35.59,39.42,992.8,4250
2026-08-21T13:58:36.147Z,1,42.75,43.0,36.25,41.8,57.1,35.5,39.55,992.8,4260
2026-08-21T13:58:46.151Z,1,42.75,43.0,36.25,41.8,57.1,35.41,39.77,992.8,4270
2026-08-21T13:58:56.156Z,1,42.75,43.0,36.25,32.4,57.1,35.18,39.78,992.9,4280
2026-08-21T13:59:06.158Z,1,42.5,43.0,36.25,32.2,56.9,35.08,40.0,992.8,4290
2026-08-21T13:59:16.161Z,1,42.5,43.0,36.5,32.09,56.7,35.04,40.07,992.9,4300
2026-08-21T13:59:26.166Z,1,42.5,43.0,36.5,41.1,56.6,35.08,40.13,992.8,4310
2026-08-21T13:59:36.171Z,1,42.5,43.0,36.5,41.4,56.6,35.15,40.14,992.8,4320
2026-08-21T13:59:46.177Z,1,42.5,43.0,36.5,41.2,56.5,35.23,39.82,992.8,4330
2026-08-21T13:59:56.183Z,1,42.5,43.0,36.5,41.3,56.5,35.24,40.01,992.8,4340
2026-08-21T14:00:06.185Z,1,42.5,43.0,36.5,41.2,56.3,35.23,39.85,992.8,4350
2026-08-21T14:00:16.191Z,1,42.5,43.0,36.5,41.1,56.2,35.36,39.86,992.8,4360
2026-08-21T14:00:26.196Z,1,42.5,43.0,36.5,41.0,56.1,35.31,40.16,992.8,4370
2026-08-21T14:00:36.194Z,1,42.75,42.75,36.5,41.0,55.9,35.47,39.95,992.8,4380
2026-08-21T14:00:46.204Z,1,42.5,42.75,36.5,40.8,55.8,35.43,39.95,992.7,4390
2026-08-21T14:00:56.208Z,1,42.5,42.75,36.5,40.9,55.7,35.43,39.91,992.8,4400
2026-08-21T14:01:06.212Z,1,42.75,42.75,36.5,40.8,55.6,35.5,39.77,992.8,4410
2026-08-21T14:01:16.214Z,1,42.75,42.75,36.5,40.7,55.4,35.57,39.66,992.8,4420
2026-08-21T14:01:26.219Z,1,42.5,42.75,36.5,40.8,55.5,35.66,39.68,992.9,4430
2026-08-21T14:01:36.223Z,1,42.5,42.75,36.5,40.9,55.5,35.41,39.65,992.8,4440
2026-08-21T14:01:46.229Z,1,42.5,42.75,36.5,53.3,55.5,35.28,39.58,992.8,4450
2026-08-21T14:01:56.234Z,1,42.5,42.75,36.5,53.2,55.5,35.22,39.73,992.8,4460
2026-08-21T14:02:06.236Z,1,42.5,42.75,36.5,53.2,55.4,35.25,39.77,992.8,4470
2026-08-21T14:02:16.243Z,1,42.75,42.75,36.5,53.2,55.4,35.34,39.61,992.8,4480
2026-08-21T14:02:26.247Z,1,42.5,42.75,36.5,53.0,55.2,35.38,39.6,992.8,4490
2026-08-21T14:02:36.249Z,1,42.5,42.75,36.5,52.6,54.8,35.21,39.78,992.8,4500
2026-08-21T14:02:46.253Z,1,42.5,42.75,36.75,52.6,54.8,35.2,39.94,992.8,4510
2026-08-21T14:02:56.259Z,1,42.5,42.75,36.75,52.7,54.8,35.3,39.91,992.8,4520
2026-08-21T14:03:06.260Z,1,42.5,43.0,36.75,52.6,54.7,35.2,39.92,992.8,4530
2026-08-21T14:03:16.268Z,1,42.5,42.75,36.75,52.4,54.6,35.09,39.93,992.8,4540
2026-08-21T14:03:26.269Z,1,42.5,42.75,36.75,52.4,54.6,35.03,39.94,992.8,4550
2026-08-21T14:03:36.266Z,1,42.5,42.75,36.75,52.4,54.6,34.93,40.13,992.8,4560
2026-08-21T14:03:46.275Z,1,42.5,42.75,36.75,52.3,54.5,34.89,40.16,992.8,4570
2026-08-21T14:03:56.281Z,1,42.5,42.75,37.0,52.3,54.5,34.91,40.19,992.8,4580
2026-08-21T14:04:06.285Z,1,42.5,42.75,37.0,52.4,54.6,34.91,39.97,992.7,4590
2026-08-21T14:04:16.281Z,1,42.5,42.75,37.0,52.2,54.4,35.03,40.2,992.7,4600
2026-08-21T14:04:26.287Z,1,42.5,42.75,36.75,52.2,54.4,35.05,40.09,992.7,4610
2026-08-21T14:04:36.288Z,1,42.5,42.75,36.75,52.2,54.4,35.13,39.88,992.7,4620
2026-08-21T14:04:46.293Z,1,42.5,42.75,36.75,52.3,54.5,35.04,39.79,992.9,4630
2026-08-21T14:04:56.297Z,1,42.5,42.75,36.75,52.1,54.2,34.89,39.96,992.8,4640
2026-08-21T14:05:06.296Z,1,42.5,42.75,36.75,52.0,54.1,34.81,40.18,992.9,4650
2026-08-21T14:05:16.303Z,1,42.25,42.75,36.75,52.0,54.1,34.87,39.98,992.7,4660
2026-08-21T14:05:26.309Z,1,42.25,42.75,36.5,51.8,54.0,35.0,39.95,992.8,4670
2026-08-21T14:05:36.308Z,1,42.25,42.75,36.5,51.7,53.9,35.0,39.93,992.8,4680
2026-08-21T14:05:46.312Z,1,42.25,42.75,36.5,51.6,53.8,35.0,39.88,992.8,4690
2026-08-21T14:05:56.316Z,1,42.25,42.5,36.25,51.4,53.6,35.09,39.88,992.7,4700
2026-08-21T14:06:06.322Z,1,42.25,42.5,36.25,51.3,53.5,35.16,40.16,992.8,4710
2026-08-21T14:06:16.326Z,1,42.25,42.5,36.25,51.3,53.5,35.27,40.06,992.8,4720
2026-08-21T14:06:26.331Z,1,42.25,42.5,36.25,51.1,53.3,35.27,40.1,992.8,4730
2026-08-21T14:06:36.332Z,1,42.25,42.5,36.25,50.7,53.0,35.38,40.0,992.8,4740
2026-08-21T14:06:46.338Z,1,42.25,42.5,36.25,50.9,53.1,35.43,39.86,992.8,4750
2026-08-21T14:06:56.344Z,1,42.0,42.5,36.25,50.9,53.1,35.5,39.71,992.8,4760
2026-08-21T14:07:06.346Z,1,42.0,42.5,36.25,51.0,53.2,35.53,39.65,992.6,4770
2026-08-21T14:07:16.350Z,1,42.0,42.5,36.25,50.8,53.0,35.49,39.66,992.7,4780
2026-08-21T14:07:26.356Z,1,42.0,42.25,36.25,50.7,52.8,35.52,39.66,992.7,4790
2026-08-21T14:07:36.356Z,1,42.0,42.25,36.25,50.7,52.9,35.5,39.79,992.8,4800
2026-08-21T14:07:46.362Z,1,42.0,42.25,36.25,50.6,52.9,35.43,39.88,992.8,4810
2026-08-21T14:07:56.365Z,1,42.0,42.25,36.25,50.6,52.8,35.06,40.1,992.8,4820
2026-08-21T14:08:06.369Z,1,42.0,42.25,36.25,50.5,52.7,34.74,40.32,992.7,4830
2026-08-21T14:08:16.373Z,1,42.0,42.25,36.25,50.4,52.5,34.73,40.52,992.7,4840
2026-08-21T14:08:26.378Z,1,42.0,42.25,36.25,50.5,52.6,34.81,40.55,992.7,4850
2026-08-21T14:08:36.378Z,1,42.0,42.25,36.25,50.5,52.6,34.98,40.43,992.7,4860
2026-08-21T14:08:46.403Z,1,41.75,42.25,36.25,50.4,52.5,35.05,40.31,992.6,4870
2026-08-21T14:08:56.471Z,1,41.75,42.25,36.25,50.3,52.5,35.09,40.16,992.8,4880
2026-08-21T14:09:06.539Z,1,41.75,42.25,36.0,50.3,52.4,35.16,40.29,992.8,4890
2026-08-21T14:09:16.608Z,1,41.75,42.25,36.25,50.2,52.3,35.09,40.2,992.7,4900
2026-08-21T14:09:26.675Z,1,41.75,42.0,36.25,50.2,52.5,35.09,40.44,992.7,4910
2026-08-21T14:09:36.399Z,1,41.75,42.0,36.25,50.1,52.3,35.09,40.31,992.7,4915
2026-08-21T14:09:46.406Z,1,41.75,42.0,36.25,50.1,52.3,35.16,40.45,992.8,4925
2026-08-21T14:09:56.410Z,1,41.75,42.0,36.25,50.0,52.1,35.21,40.54,992.8,4935
2026-08-21T14:10:06.409Z,1,41.75,42.0,36.25,50.0,52.2,35.33,40.24,992.8,4945
2026-08-21T14:10:16.415Z,1,41.75,42.0,36.25,50.0,52.3,35.43,40.22,992.8,4955
2026-08-21T14:10:26.421Z,1,41.75,42.0,36.25,49.9,52.2,35.56,40.26,992.8,4965
2026-08-21T14:10:36.418Z,1,41.75,42.0,36.25,50.0,52.1,35.64,39.89,992.8,4975
2026-08-21T14:10:46.427Z,1,41.75,42.0,36.5,50.0,52.2,35.7,39.79,992.8,4985
2026-08-21T14:10:56.431Z,1,41.75,42.0,36.5,49.9,52.1,35.61,39.64,992.7,4995
2026-08-21T14:11:06.431Z,1,41.75,42.0,36.5,49.8,52.0,35.58,39.85,992.8,5005
2026-08-21T14:11:16.439Z,1,41.75,42.0,36.5,49.7,52.0,35.55,39.82,992.8,5015
2026-08-21T14:11:26.437Z,1,41.75,42.25,36.5,49.6,51.9,35.18,39.97,992.8,5025
2026-08-21T14:11:36.441Z,1,41.75,42.0,36.5,49.6,51.8,35.15,40.03,992.7,5035
2026-08-21T14:11:46.449Z,1,41.75,42.25,36.5,49.5,51.7,35.22,40.06,992.6,5045
