timestamp,spm72_wm2,image,spm72_status,emi_timestamp,time_difference_s,node_id,temp_front,temp_rear,temp_pv_bifacial,current_front,current_rear,bme_temperature,bme_humidity,bme_pressure,arduino_uptime,series_id
2026-08-21T08:56:55.000Z,662,series/20260821_115655/20260821_115655.jpg,VALID,2026-08-21T08:56:58.117Z,3.117,1,47.75,47.75,31,61.3,103.9,31.19,50.12,995.7,7165,S05
2026-08-21T08:57:25.000Z,663,series/20260821_115655/20260821_115725.jpg,VALID,2026-08-21T08:57:28.135Z,3.135,1,47.5,47.5,30.75,61.3,103.8,31.06,49.71,995.7,7195,S05
2026-08-21T08:57:55.000Z,661,series/20260821_115655/20260821_115755.jpg,VALID,2026-08-21T08:57:58.152Z,3.152,1,47.25,47.25,30.75,61.2,103.6,31.29,49.68,995.8,7225,S05
2026-08-21T08:58:25.000Z,660,series/20260821_115655/20260821_115825.jpg,VALID,2026-08-21T08:58:28.165Z,3.165,1,47.25,47.25,30.75,61.1,103.3,31.3,49.86,995.8,7255,S05
2026-08-21T08:58:55.000Z,661,series/20260821_115655/20260821_115855.jpg,VALID,2026-08-21T08:58:58.175Z,3.175,1,47.25,47.25,30.75,61.1,103.4,31.14,49.89,995.8,7285,S05
2026-08-21T08:59:25.000Z,664,series/20260821_115655/20260821_115925.jpg,VALID,2026-08-21T08:59:28.196Z,3.196,1,47,47.25,30.75,61.3,103.8,31.06,50.21,995.8,7315,S05
2026-08-21T08:59:55.000Z,658,series/20260821_115655/20260821_115955.jpg,VALID,2026-08-21T08:59:58.215Z,3.215,1,47,47.25,30.75,60.7,102.8,30.81,50.38,995.8,7345,S05
2026-08-21T09:00:25.000Z,659,series/20260821_115655/20260821_120025.jpg,VALID,2026-08-21T09:00:28.234Z,3.234,1,46.75,47,30.75,60.7,102.7,30.95,50.43,995.8,7375,S05
2026-08-21T09:00:55.000Z,659,series/20260821_115655/20260821_120055.jpg,VALID,2026-08-21T09:00:58.251Z,3.251,1,46.5,46.75,30.5,60.7,102.8,30.13,51.21,995.8,7405,S05
2026-08-21T09:01:25.000Z,660,series/20260821_115655/20260821_120125.jpg,VALID,2026-08-21T09:01:28.264Z,3.264,1,46.25,46.5,30.5,60.7,102.9,30.41,50.96,995.8,7435,S05
2026-08-21T09:01:55.000Z,661,series/20260821_115655/20260821_120155.jpg,VALID,2026-08-21T09:01:58.275Z,3.275,1,45.75,46.25,30.5,60.8,103.1,30.58,50.8,995.8,7465,S05
2026-08-21T09:02:25.000Z,663,series/20260821_115655/20260821_120225.jpg,VALID,2026-08-21T09:02:28.443Z,3.443,1,45.75,46,30.5,61.1,103.4,30.35,51.28,995.8,7495,S05
2026-08-21T09:02:55.000Z,663,series/20260821_115655/20260821_120255.jpg,VALID,2026-08-21T09:02:58.312Z,3.312,1,45.5,46,30.5,61.1,103.5,30.57,50.6,995.8,7520,S05
2026-08-21T09:03:25.000Z,663,series/20260821_115655/20260821_120325.jpg,VALID,2026-08-21T09:03:28.333Z,3.333,1,45.5,46,30.5,61,103.4,30.51,50.26,995.8,7550,S05
2026-08-21T09:03:55.000Z,665,series/20260821_115655/20260821_120355.jpg,VALID,2026-08-21T09:03:58.352Z,3.352,1,45.25,45.75,30.25,61.2,103.8,30.64,50.41,995.7,7580,S05
2026-08-21T09:04:25.000Z,669,series/20260821_115655/20260821_120425.jpg,VALID,2026-08-21T09:04:28.368Z,3.368,1,45.25,45.75,30.5,61.7,104.6,30.52,50.59,995.8,7610,S05
2026-08-21T09:04:55.000Z,667,series/20260821_115655/20260821_120455.jpg,VALID,2026-08-21T09:04:58.386Z,3.386,1,45.25,45.75,30.5,61.5,104.1,30.5,50.54,995.7,7640,S05
2026-08-21T09:05:25.000Z,664,series/20260821_115655/20260821_120525.jpg,VALID,2026-08-21T09:05:28.405Z,3.405,1,45.25,45.75,30.25,61.2,103.6,30.81,49.98,995.8,7670,S05
2026-08-21T09:05:55.000Z,664,series/20260821_115655/20260821_120555.jpg,VALID,2026-08-21T09:05:58.415Z,3.415,1,45.25,45.75,30.25,61.1,103.5,31.12,50.05,995.7,7700,S05
2026-08-21T09:06:25.000Z,666,series/20260821_115655/20260821_120625.jpg,VALID,2026-08-21T09:06:28.435Z,3.435,1,45.25,45.75,30.25,61.3,103.9,31.26,49.41,995.7,7730,S05
2026-08-21T09:06:55.000Z,671,series/20260821_115655/20260821_120655.jpg,VALID,2026-08-21T09:06:58.448Z,3.448,1,45.5,46,30.25,61.9,105,31.55,49.45,995.8,7760,S05
2026-08-21T09:07:25.000Z,673,series/20260821_115655/20260821_120725.jpg,VALID,2026-08-21T09:07:28.463Z,3.463,1,45.5,46,30.5,62.1,105.3,31.54,49.11,995.7,7790,S05
2026-08-21T09:07:55.000Z,677,series/20260821_115655/20260821_120755.jpg,VALID,2026-08-21T09:07:58.480Z,3.48,1,45.75,46,30.25,62.4,105.8,31.4,49.35,995.7,7820,S05
2026-08-21T09:08:25.000Z,677,series/20260821_115655/20260821_120825.jpg,VALID,2026-08-21T09:08:28.499Z,3.499,1,45.5,46,30.5,62.4,105.7,31.33,49.44,995.7,7850,S05
2026-08-21T09:08:55.000Z,674,series/20260821_115655/20260821_120855.jpg,VALID,2026-08-21T09:08:58.516Z,3.516,1,45.5,46,30.5,62.1,105.3,30.74,50.16,995.7,7880,S05
2026-08-21T09:09:25.000Z,674,series/20260821_115655/20260821_120925.jpg,VALID,2026-08-21T09:09:28.531Z,3.531,1,45.5,46,30.5,62,105.1,30.92,50.32,995.7,7910,S05
2026-08-21T09:09:55.000Z,670,series/20260821_115655/20260821_120955.jpg,VALID,2026-08-21T09:09:58.539Z,3.539,1,45.5,46,30.5,61.7,104.6,30.96,50.53,995.7,7940,S05
2026-08-21T09:10:25.000Z,669,series/20260821_115655/20260821_121025.jpg,VALID,2026-08-21T09:10:28.560Z,3.56,1,45.5,46,30.5,61.5,104.3,30.84,50.11,995.7,7970,S05
2026-08-21T09:10:55.000Z,670,series/20260821_115655/20260821_121055.jpg,VALID,2026-08-21T09:10:58.567Z,3.567,1,45.5,46,30.5,61.6,104.4,30.79,50.6,995.7,8000,S05
2026-08-21T09:11:25.000Z,668,series/20260821_115655/20260821_121125.jpg,VALID,2026-08-21T09:11:28.586Z,3.586,1,45.25,46,30.5,61.4,104.2,30.99,50.49,995.7,8030,S05
2026-08-21T09:11:55.000Z,669,series/20260821_115655/20260821_121155.jpg,VALID,2026-08-21T09:11:58.605Z,3.605,1,45.5,46,30.5,61.4,104.1,31.24,49.71,995.7,8060,S05
2026-08-21T09:12:25.000Z,672,series/20260821_115655/20260821_121225.jpg,VALID,2026-08-21T09:12:28.618Z,3.618,1,45.5,46,30.5,61.7,104.6,31.34,49.63,995.7,8090,S05
2026-08-21T09:12:55.000Z,671,series/20260821_115655/20260821_121255.jpg,VALID,2026-08-21T09:12:58.637Z,3.637,1,45.75,46,30.75,61.7,104.6,31.62,49.85,995.7,8120,S05
2026-08-21T09:13:25.000Z,672,series/20260821_115655/20260821_121325.jpg,VALID,2026-08-21T09:13:28.654Z,3.654,1,45.75,46.25,30.75,61.9,104.8,31.95,49,995.7,8150,S05
2026-08-21T09:13:55.000Z,672,series/20260821_115655/20260821_121355.jpg,VALID,2026-08-21T09:13:58.673Z,3.673,1,46.25,46.5,30.75,61.9,104.8,32.03,48.68,995.7,8180,S05
2026-08-21T09:14:25.000Z,672,series/20260821_115655/20260821_121425.jpg,VALID,2026-08-21T09:14:28.689Z,3.689,1,46.25,46.75,30.75,61.9,104.8,32.27,48.57,995.7,8210,S05
2026-08-21T09:14:55.000Z,670,series/20260821_115655/20260821_121455.jpg,VALID,2026-08-21T09:14:58.700Z,3.7,1,46.75,46.75,31,61.7,104.6,32.31,48.42,995.7,8240,S05
2026-08-21T09:15:25.000Z,672,series/20260821_115655/20260821_121525.jpg,VALID,2026-08-21T09:15:28.718Z,3.718,1,47,47,31,61.7,104.8,32.43,48.13,995.6,8270,S05
2026-08-21T09:15:55.000Z,674,series/20260821_115655/20260821_121555.jpg,VALID,2026-08-21T09:15:58.908Z,3.908,1,47,47.25,31,62,105.1,32.16,48.23,995.7,8300,S05
2026-08-21T09:16:25.000Z,676,series/20260821_115655/20260821_121625.jpg,VALID,2026-08-21T09:16:28.742Z,3.742,1,47,47.25,31,62.1,105.5,32.02,48.47,995.6,8325,S05
2026-08-21T09:16:55.000Z,676,series/20260821_115655/20260821_121655.jpg,VALID,2026-08-21T09:16:58.743Z,3.743,1,47,47.25,31,62.2,105.4,31.38,49.43,995.6,8355,S05
2026-08-21T09:17:25.000Z,678,series/20260821_115655/20260821_121725.jpg,VALID,2026-08-21T09:17:28.756Z,3.756,1,47,47.25,31,62.3,105.5,31.08,50.09,995.6,8385,S05
2026-08-21T09:17:55.000Z,676,series/20260821_115655/20260821_121755.jpg,VALID,2026-08-21T09:17:58.764Z,3.764,1,46.75,47,31,62.1,105.2,31.37,49.33,995.6,8415,S05
2026-08-21T09:18:25.000Z,677,series/20260821_115655/20260821_121825.jpg,VALID,2026-08-21T09:18:28.776Z,3.776,1,46.75,47,31,62.3,105.6,31.18,49.84,995.7,8445,S05
2026-08-21T09:18:55.000Z,676,series/20260821_115655/20260821_121855.jpg,VALID,2026-08-21T09:18:58.785Z,3.785,1,46.75,47,31,62.1,105.2,31.18,49.46,995.6,8475,S05
2026-08-21T09:19:25.000Z,675,series/20260821_115655/20260821_121925.jpg,VALID,2026-08-21T09:19:28.798Z,3.798,1,46.5,47,31,61.9,104.8,31.49,49.44,995.6,8505,S05
2026-08-21T09:19:55.000Z,673,series/20260821_115655/20260821_121955.jpg,VALID,2026-08-21T09:19:58.799Z,3.799,1,46.5,47,30.75,61.7,104.8,31.55,49.29,995.6,8535,S05
2026-08-21T09:20:25.000Z,675,series/20260821_115655/20260821_122025.jpg,VALID,2026-08-21T09:20:28.814Z,3.814,1,46.5,46.75,30.75,61.9,105.1,31.28,49.55,995.5,8565,S05
2026-08-21T09:20:55.000Z,676,series/20260821_115655/20260821_122055.jpg,VALID,2026-08-21T09:20:58.826Z,3.826,1,46.25,46.75,31,62,105.2,31.24,49.75,995.5,8595,S05
2026-08-21T09:21:25.000Z,676,series/20260821_115655/20260821_122125.jpg,VALID,2026-08-21T09:21:28.838Z,3.838,1,46.25,46.75,30.75,62.1,105.1,31.43,49.56,995.5,8625,S05
2026-08-21T09:21:55.000Z,678,series/20260821_115655/20260821_122155.jpg,VALID,2026-08-21T09:21:58.848Z,3.848,1,46.25,46.75,30.75,62.3,105.6,31.71,49.4,995.6,8655,S05
2026-08-21T09:22:25.000Z,677,series/20260821_115655/20260821_122225.jpg,VALID,2026-08-21T09:22:28.860Z,3.86,1,46.25,46.75,31,62.2,105.4,30.64,50.4,995.6,8685,S05
2026-08-21T09:22:55.000Z,678,series/20260821_115655/20260821_122255.jpg,VALID,2026-08-21T09:22:58.864Z,3.864,1,46.25,46.5,31,62.4,105.5,30.53,50.89,995.5,8715,S05
2026-08-21T09:23:25.000Z,677,series/20260821_115655/20260821_122325.jpg,VALID,2026-08-21T09:23:28.876Z,3.876,1,46.25,46.5,30.75,62,105.1,30.79,50.67,995.5,8745,S05
2026-08-21T09:23:55.000Z,679,series/20260821_115655/20260821_122355.jpg,VALID,2026-08-21T09:23:58.885Z,3.885,1,46,46.5,30.75,62.2,105.6,31.06,50.42,995.5,8775,S05
2026-08-21T09:24:25.000Z,678,series/20260821_115655/20260821_122425.jpg,VALID,2026-08-21T09:24:28.899Z,3.899,1,46,46.5,30.75,62.2,105.5,31.26,50.1,995.5,8805,S05
2026-08-21T09:24:55.000Z,682,series/20260821_115655/20260821_122455.jpg,VALID,2026-08-21T09:24:58.906Z,3.906,1,46,46.5,30.75,62.7,106.3,31.33,50.19,995.5,8835,S05
2026-08-21T09:25:25.000Z,683,series/20260821_115655/20260821_122525.jpg,VALID,2026-08-21T09:25:28.917Z,3.917,1,46.25,46.5,31,62.8,106.6,31.31,49.92,995.5,8865,S05
2026-08-21T09:25:55.000Z,684,series/20260821_115655/20260821_122555.jpg,VALID,2026-08-21T09:25:58.927Z,3.927,1,46.25,46.75,31,62.8,106.6,31.52,50.27,995.6,8895,S05
2026-08-21T09:26:25.000Z,683,series/20260821_115655/20260821_122625.jpg,VALID,2026-08-21T09:26:28.938Z,3.938,1,46.5,46.75,31,62.9,106.8,31.85,49.77,995.6,8925,S05
2026-08-21T09:26:55.000Z,688,series/20260821_115655/20260821_122655.jpg,VALID,2026-08-21T09:26:58.944Z,3.944,1,46.75,47,31,63.3,107.3,31.65,49.82,995.6,8955,S05
2026-08-21T09:27:25.000Z,689,series/20260821_115655/20260821_122725.jpg,VALID,2026-08-21T09:27:28.955Z,3.955,1,46.75,47.25,31.25,63.5,107.8,31.92,49.78,995.6,8985,S05
2026-08-21T09:27:55.000Z,692,series/20260821_115655/20260821_122755.jpg,VALID,2026-08-21T09:27:58.957Z,3.957,1,47,47.25,31.25,63.6,108,32,49.37,995.6,9015,S05
2026-08-21T09:28:25.000Z,689,series/20260821_115655/20260821_122825.jpg,VALID,2026-08-21T09:28:28.969Z,3.969,1,47.25,47.5,31.25,63.5,107.6,32.16,48.76,995.6,9045,S05
2026-08-21T09:28:55.000Z,693,series/20260821_115655/20260821_122855.jpg,VALID,2026-08-21T09:28:59.157Z,4.157,1,47.5,47.5,31.25,63.9,108.3,31.46,49.81,995.5,9075,S05
2026-08-21T09:29:25.000Z,695,series/20260821_115655/20260821_122925.jpg,VALID,2026-08-21T09:29:28.983Z,3.983,1,47.5,47.75,31.5,64.1,108.8,31.36,49.88,995.5,9100,S05
2026-08-21T09:29:55.000Z,694,series/20260821_115655/20260821_122955.jpg,VALID,2026-08-21T09:29:58.993Z,3.993,1,47.5,47.75,31.5,64.19,108.8,31.5,50.25,995.5,9130,S05
2026-08-21T09:30:25.000Z,693,series/20260821_115655/20260821_123025.jpg,VALID,2026-08-21T09:30:29.005Z,4.005,1,47.5,47.75,31.5,64,108.6,31.98,49.4,995.6,9160,S05
2026-08-21T09:30:55.000Z,695,series/20260821_115655/20260821_123055.jpg,VALID,2026-08-21T09:30:59.015Z,4.015,1,47.75,48,31.5,64.19,109,32.08,49.18,995.6,9190,S05
2026-08-21T09:31:55.000Z,702,series/20260821_115655/20260821_123155.jpg,VALID,2026-08-21T09:31:59.037Z,4.037,1,48,48.25,31.5,65.1,110.3,32.03,49.18,995.6,9250,S05
2026-08-21T09:32:25.000Z,699,series/20260821_115655/20260821_123225.jpg,VALID,2026-08-21T09:32:29.049Z,4.049,1,48.25,48.25,31.5,64.6,109.7,32.2,48.88,995.6,9280,S05
2026-08-21T09:32:55.000Z,698,series/20260821_115655/20260821_123255.jpg,VALID,2026-08-21T09:32:59.053Z,4.053,1,48.25,48.5,31.5,64.4,109.3,31.7,49.54,995.6,9310,S05
2026-08-21T09:33:25.000Z,695,series/20260821_115655/20260821_123325.jpg,VALID,2026-08-21T09:33:29.065Z,4.065,1,48.25,48.5,31.5,64.1,108.8,31.96,49.67,995.6,9340,S05
2026-08-21T09:33:55.000Z,691,series/20260821_115655/20260821_123355.jpg,VALID,2026-08-21T09:33:59.079Z,4.079,1,48.25,48.5,31.5,63.7,108.1,32.16,49.17,995.6,9370,S05
2026-08-21T09:34:25.000Z,697,series/20260821_115655/20260821_123425.jpg,VALID,2026-08-21T09:34:29.088Z,4.088,1,48.25,48.5,31.5,64.4,109.1,32.33,48.87,995.6,9400,S05
2026-08-21T09:34:55.000Z,698,series/20260821_115655/20260821_123455.jpg,VALID,2026-08-21T09:34:59.102Z,4.102,1,48.25,48.5,31.75,64.4,109.4,32.59,48.87,995.6,9430,S05
2026-08-21T09:35:25.000Z,699,series/20260821_115655/20260821_123525.jpg,VALID,2026-08-21T09:35:29.118Z,4.118,1,48.5,48.75,31.75,64.6,109.6,32.78,48.36,995.6,9460,S05
2026-08-21T09:35:55.000Z,693,series/20260821_115655/20260821_123555.jpg,VALID,2026-08-21T09:35:59.126Z,4.126,1,48.5,49,31.75,63.7,108.5,32.78,48.35,995.6,9490,S05
2026-08-21T09:36:25.000Z,690,series/20260821_115655/20260821_123625.jpg,VALID,2026-08-21T09:36:29.142Z,4.142,1,48.75,49,31.75,63.6,107.7,32.91,47.98,995.6,9520,S05
2026-08-21T09:36:55.000Z,684,series/20260821_115655/20260821_123655.jpg,VALID,2026-08-21T09:36:59.154Z,4.154,1,48.75,49.25,31.75,62.8,106.7,32.5,48.51,995.6,9550,S05
2026-08-21T09:37:25.000Z,687,series/20260821_115655/20260821_123725.jpg,VALID,2026-08-21T09:37:29.181Z,4.181,1,49,49.25,31.75,63.2,107.5,32.08,49.21,995.6,9580,S05
2026-08-21T09:37:55.000Z,688,series/20260821_115655/20260821_123755.jpg,VALID,2026-08-21T09:37:59.170Z,4.17,1,48.75,49,31.75,63.2,107.4,31.45,49.82,995.6,9610,S05
2026-08-21T09:38:25.000Z,687,series/20260821_115655/20260821_123825.jpg,VALID,2026-08-21T09:38:29.179Z,4.179,1,48.75,49,31.75,63.1,107,30.72,51.29,995.6,9640,S05
2026-08-21T09:39:25.000Z,684,series/20260821_115655/20260821_123925.jpg,VALID,2026-08-21T09:39:29.200Z,4.2,1,48.25,48.5,31.75,62.8,106.6,31.4,50.64,995.6,9700,S05
2026-08-21T09:39:55.000Z,686,series/20260821_115655/20260821_123955.jpg,VALID,2026-08-21T09:39:59.219Z,4.219,1,48,48.25,31.5,63.1,107.1,31.61,50.35,995.6,9730,S05
2026-08-21T09:40:25.000Z,688,series/20260821_115655/20260821_124025.jpg,VALID,2026-08-21T09:40:29.217Z,4.217,1,47.75,48.25,31.5,63,107.2,31,50.41,995.5,9760,S05
2026-08-21T09:40:55.000Z,685,series/20260821_115655/20260821_124055.jpg,VALID,2026-08-21T09:40:59.230Z,4.23,1,47.75,48,31.5,62.7,106.8,31.14,50.71,995.5,9790,S05
2026-08-21T09:41:25.000Z,686,series/20260821_115655/20260821_124125.jpg,VALID,2026-08-21T09:41:29.242Z,4.242,1,47.5,48,31.5,62.7,106.6,31.34,50.62,995.5,9820,S05
2026-08-21T09:41:55.000Z,685,series/20260821_115655/20260821_124155.jpg,VALID,2026-08-21T09:41:59.418Z,4.418,1,47.5,48,31.5,62.9,106.9,31.73,49.89,995.5,9850,S05
2026-08-21T09:42:25.000Z,688,series/20260821_115655/20260821_124225.jpg,VALID,2026-08-21T09:42:29.262Z,4.262,1,47.5,48,31.5,63,107.2,31.95,49.34,995.5,9875,S05
2026-08-21T09:42:55.000Z,691,series/20260821_115655/20260821_124255.jpg,VALID,2026-08-21T09:42:59.267Z,4.267,1,47.5,48,31.5,63.6,108,32.28,48.93,995.5,9905,S05
2026-08-21T09:43:25.000Z,683,series/20260821_115655/20260821_124325.jpg,VALID,2026-08-21T09:43:29.275Z,4.275,1,47.75,48,31.5,62.7,106.7,32.52,49.12,995.5,9935,S05
2026-08-21T09:43:55.000Z,684,series/20260821_115655/20260821_124355.jpg,VALID,2026-08-21T09:43:59.285Z,4.285,1,47.75,48.25,31.5,62.6,106.5,32.52,48.59,995.5,9965,S05
2026-08-21T09:44:25.000Z,685,series/20260821_115655/20260821_124425.jpg,VALID,2026-08-21T09:44:29.298Z,4.298,1,48,48.25,31.5,62.7,106.7,32.43,48.36,995.5,9995,S05
2026-08-21T09:44:55.000Z,690,series/20260821_115655/20260821_124455.jpg,VALID,2026-08-21T09:44:59.309Z,4.309,1,48,48.25,31.5,63.2,107.4,32.33,48.68,995.5,10025,S05
2026-08-21T09:45:25.000Z,688,series/20260821_115655/20260821_124525.jpg,VALID,2026-08-21T09:45:29.321Z,4.321,1,47.75,48,31.5,63.1,107.3,32.45,48.82,995.5,10055,S05
2026-08-21T09:45:55.000Z,689,series/20260821_115655/20260821_124555.jpg,VALID,2026-08-21T09:45:59.332Z,4.332,1,47.75,48,31.5,63.2,107.3,32.31,48.85,995.5,10085,S05
2026-08-21T09:46:25.000Z,686,series/20260821_115655/20260821_124625.jpg,VALID,2026-08-21T09:46:29.345Z,4.345,1,47.5,48,31.5,62.9,107,32.4,48.87,995.5,10115,S05
2026-08-21T09:46:55.000Z,685,series/20260821_115655/20260821_124655.jpg,VALID,2026-08-21T09:46:59.354Z,4.354,1,47.5,47.75,31.5,62.8,106.8,32.36,48.83,995.5,10145,S05
2026-08-21T09:47:25.000Z,690,series/20260821_115655/20260821_124725.jpg,VALID,2026-08-21T09:47:29.366Z,4.366,1,47.5,47.75,31.75,63.3,107.9,31.86,49.64,995.4,10175,S05
2026-08-21T09:47:55.000Z,690,series/20260821_115655/20260821_124755.jpg,VALID,2026-08-21T09:47:59.376Z,4.376,1,47.5,48,31.75,63.3,107.6,31.74,50.15,995.5,10205,S05
2026-08-21T09:48:25.000Z,695,series/20260821_115655/20260821_124825.jpg,VALID,2026-08-21T09:48:29.389Z,4.389,1,47.5,48,31.75,63.9,108.6,31.92,50,995.4,10235,S05
2026-08-21T09:48:55.000Z,691,series/20260821_115655/20260821_124855.jpg,VALID,2026-08-21T09:48:59.399Z,4.399,1,47.25,47.75,31.75,63.4,107.8,31.89,49.86,995.4,10265,S05
2026-08-21T09:49:25.000Z,694,series/20260821_115655/20260821_124925.jpg,VALID,2026-08-21T09:49:29.411Z,4.411,1,47.5,47.75,32,63.7,108.5,31.97,49.75,995.4,10295,S05
2026-08-21T09:49:55.000Z,695,series/20260821_115655/20260821_124955.jpg,VALID,2026-08-21T09:49:59.423Z,4.423,1,47.5,48,32,63.8,108.6,31.74,49.79,995.4,10325,S05
2026-08-21T09:50:25.000Z,696,series/20260821_115655/20260821_125025.jpg,VALID,2026-08-21T09:50:29.434Z,4.434,1,47.75,48,32.25,64,108.8,31.44,50.13,995.4,10355,S05
2026-08-21T09:50:55.000Z,696,series/20260821_115655/20260821_125055.jpg,VALID,2026-08-21T09:50:59.446Z,4.446,1,48,48,32.25,64,108.9,31.93,49.85,995.4,10385,S05
2026-08-21T09:51:25.000Z,695,series/20260821_115655/20260821_125125.jpg,VALID,2026-08-21T09:51:29.454Z,4.454,1,48,48.25,32.25,63.9,108.8,32.34,49.52,995.4,10415,S05
2026-08-21T09:51:55.000Z,693,series/20260821_115655/20260821_125155.jpg,VALID,2026-08-21T09:51:59.467Z,4.467,1,48.25,48.25,32,63.7,108.2,32.5,48.79,995.4,10445,S05
2026-08-21T09:52:25.000Z,690,series/20260821_115655/20260821_125225.jpg,VALID,2026-08-21T09:52:29.478Z,4.478,1,48.25,48.5,32.25,63.4,107.5,32.18,49.55,995.4,10475,S05
2026-08-21T09:52:55.000Z,692,series/20260821_115655/20260821_125255.jpg,VALID,2026-08-21T09:52:59.489Z,4.489,1,48.25,48.5,32.25,63.5,108.1,32.46,48.59,995.3,10505,S05
2026-08-21T09:53:25.000Z,689,series/20260821_115655/20260821_125325.jpg,VALID,2026-08-21T09:53:29.499Z,4.499,1,48.25,48.5,32.25,63.3,107.7,32.38,48.88,995.4,10535,S05
2026-08-21T09:53:55.000Z,693,series/20260821_115655/20260821_125355.jpg,VALID,2026-08-21T09:53:59.511Z,4.511,1,48.25,48.5,32.25,63.5,108.1,32.5,48.49,995.3,10565,S05
2026-08-21T09:54:25.000Z,695,series/20260821_115655/20260821_125425.jpg,VALID,2026-08-21T09:54:29.519Z,4.519,1,48.25,48.5,32.25,63.6,108.2,32.45,48.66,995.4,10595,S05
2026-08-21T09:54:55.000Z,691,series/20260821_115655/20260821_125455.jpg,VALID,2026-08-21T09:54:59.680Z,4.68,1,48.25,48.5,32,63.2,107.7,32.38,48.15,995.3,10625,S05
2026-08-21T09:55:25.000Z,690,series/20260821_115655/20260821_125525.jpg,VALID,2026-08-21T09:55:29.542Z,4.542,1,48,48.25,32,63.4,107.8,32.12,48.73,995.3,10650,S05
2026-08-21T09:55:55.000Z,686,series/20260821_115655/20260821_125555.jpg,VALID,2026-08-21T09:55:59.554Z,4.554,1,47.75,48.25,32,62.6,106.7,32,48.97,995.4,10680,S05
2026-08-21T09:56:25.000Z,691,series/20260821_115655/20260821_125625.jpg,VALID,2026-08-21T09:56:29.563Z,4.563,1,47.5,48,31.75,63.1,107.5,32.14,48.91,995.3,10710,S05
2026-08-21T09:56:55.000Z,688,series/20260821_115655/20260821_125655.jpg,VALID,2026-08-21T09:56:59.574Z,4.574,1,47.25,47.75,31.75,62.9,107.2,32.3,48.58,995.4,10740,S05
2026-08-21T09:57:25.000Z,689,series/20260821_115655/20260821_125725.jpg,VALID,2026-08-21T09:57:29.581Z,4.581,1,47.25,47.75,31.75,63,107.3,32.43,48.74,995.4,10770,S05
2026-08-21T09:57:55.000Z,688,series/20260821_115655/20260821_125755.jpg,VALID,2026-08-21T09:57:59.591Z,4.591,1,47.25,47.75,31.75,63,107.2,32.47,48.7,995.3,10800,S05
2026-08-21T09:58:25.000Z,689,series/20260821_115655/20260821_125825.jpg,VALID,2026-08-21T09:58:29.602Z,4.602,1,47.25,47.75,31.75,63.1,107.3,32.7,48.11,995.2,10830,S05
2026-08-21T09:58:55.000Z,687,series/20260821_115655/20260821_125855.jpg,VALID,2026-08-21T09:58:59.615Z,4.615,1,47.25,47.5,32,62.9,106.9,32.48,48.32,995.2,10860,S05
2026-08-21T09:59:25.000Z,687,series/20260821_115655/20260821_125925.jpg,VALID,2026-08-21T09:59:29.626Z,4.626,1,47.25,47.5,32,62.9,107.2,32.81,48.02,995.2,10890,S05
2026-08-21T09:59:55.000Z,691,series/20260821_115655/20260821_125955.jpg,VALID,2026-08-21T09:59:59.639Z,4.639,1,47.25,47.5,32,63.3,107.8,33.05,47.74,995.3,10920,S05
2026-08-21T10:00:25.000Z,691,series/20260821_115655/20260821_130025.jpg,VALID,2026-08-21T10:00:29.652Z,4.652,1,47.25,47.75,32,63.3,107.8,33.09,47.49,995.2,10950,S05
2026-08-21T10:00:55.000Z,690,series/20260821_115655/20260821_130055.jpg,VALID,2026-08-21T10:00:59.664Z,4.664,1,47.25,47.75,32,63.2,107.7,33.06,47.49,995.2,10980,S05
2026-08-21T10:01:25.000Z,690,series/20260821_115655/20260821_130125.jpg,VALID,2026-08-21T10:01:29.674Z,4.674,1,47.25,47.75,32.25,63.1,107.5,32.71,48.03,995.3,11010,S05
2026-08-21T10:01:55.000Z,689,series/20260821_115655/20260821_130155.jpg,VALID,2026-08-21T10:01:59.688Z,4.688,1,47.25,47.75,32.25,63.2,107.7,33.04,48.07,995.2,11040,S05
2026-08-21T10:02:25.000Z,686,series/20260821_115655/20260821_130225.jpg,VALID,2026-08-21T10:02:29.702Z,4.702,1,47.5,48,32.25,62.8,107,33.27,47.41,995.2,11070,S05
2026-08-21T10:02:55.000Z,687,series/20260821_115655/20260821_130255.jpg,VALID,2026-08-21T10:02:59.712Z,4.712,1,47.75,48.25,32.5,63.1,107.4,33.59,47.28,995.2,11100,S05
2026-08-21T10:03:25.000Z,692,series/20260821_115655/20260821_130325.jpg,VALID,2026-08-21T10:03:29.722Z,4.722,1,48.25,48.25,32.5,63.6,108.3,33.16,47.15,995.2,11130,S05
2026-08-21T10:03:55.000Z,687,series/20260821_115655/20260821_130355.jpg,VALID,2026-08-21T10:03:59.731Z,4.731,1,48.25,48.5,32.5,63,107.2,32.78,47.81,995.2,11160,S05
2026-08-21T10:04:25.000Z,688,series/20260821_115655/20260821_130425.jpg,VALID,2026-08-21T10:04:29.743Z,4.743,1,48.25,48.5,32.5,63.2,107.3,32.22,48.5,995.2,11190,S05
2026-08-21T10:04:55.000Z,691,series/20260821_115655/20260821_130455.jpg,VALID,2026-08-21T10:04:59.754Z,4.754,1,48.25,48.5,32.5,63.3,107.9,31.86,49.05,995.2,11220,S05
2026-08-21T10:05:25.000Z,691,series/20260821_115655/20260821_130525.jpg,VALID,2026-08-21T10:05:29.763Z,4.763,1,48.25,48.5,32.75,63.4,107.9,32.09,48.91,995.2,11250,S05
2026-08-21T10:05:55.000Z,691,series/20260821_115655/20260821_130555.jpg,VALID,2026-08-21T10:05:59.776Z,4.776,1,48.25,48.5,32.5,63.5,108.1,32.59,48.4,995.1,11280,S05
2026-08-21T10:06:25.000Z,694,series/20260821_115655/20260821_130625.jpg,VALID,2026-08-21T10:06:29.789Z,4.789,1,48.25,48.5,32.5,63.7,108.4,32.59,48.11,995.1,11310,S05
2026-08-21T10:06:55.000Z,692,series/20260821_115655/20260821_130655.jpg,VALID,2026-08-21T10:06:59.795Z,4.795,1,48.25,48.5,32.5,63.6,108.2,32.78,48.06,995.2,11340,S05
2026-08-21T10:07:25.000Z,693,series/20260821_115655/20260821_130725.jpg,VALID,2026-08-21T10:07:29.807Z,4.807,1,48.25,48.5,32.5,63.6,108.3,33.03,47.83,995.2,11370,S05
2026-08-21T10:07:56.000Z,685,series/20260821_115655/20260821_130756.jpg,VALID,2026-08-21T10:07:59.958Z,3.958,1,48.25,48.5,32.5,62.7,106.8,32.77,47.93,995.2,11400,S05
2026-08-21T10:08:26.000Z,684,series/20260821_115655/20260821_130826.jpg,VALID,2026-08-21T10:08:29.829Z,3.829,1,48.25,48.5,32.5,62.7,106.8,32.98,47.67,995.2,11425,S05
2026-08-21T10:08:56.000Z,689,series/20260821_115655/20260821_130856.jpg,VALID,2026-08-21T10:08:59.842Z,3.842,1,48.25,48.5,32.5,63.1,107.5,33.06,47.52,995.2,11455,S05
2026-08-21T10:09:26.000Z,686,series/20260821_115655/20260821_130926.jpg,VALID,2026-08-21T10:09:29.854Z,3.854,1,48.25,48.5,32.5,62.9,107.2,33.31,46.96,995.2,11485,S05
2026-08-21T10:09:56.000Z,686,series/20260821_115655/20260821_130956.jpg,VALID,2026-08-21T10:09:59.868Z,3.868,1,48.25,48.5,32.5,62.8,107.1,32.84,47.59,995.2,11515,S05
2026-08-21T10:10:26.000Z,679,series/20260821_115655/20260821_131026.jpg,VALID,2026-08-21T10:10:29.882Z,3.882,1,48.25,48.75,32.75,62.1,105.9,32.3,48.5,995.2,11545,S05
2026-08-21T10:10:56.000Z,679,series/20260821_115655/20260821_131056.jpg,VALID,2026-08-21T10:10:59.894Z,3.894,1,48.25,48.75,32.75,62.1,105.6,32.65,48.2,995.1,11575,S05
2026-08-21T10:11:26.000Z,680,series/20260821_115655/20260821_131126.jpg,VALID,2026-08-21T10:11:29.895Z,3.895,1,48.25,48.75,32.75,62.3,106.1,33.21,47.64,995.1,11605,S05
2026-08-21T10:11:56.000Z,679,series/20260821_115655/20260821_131156.jpg,VALID,2026-08-21T10:11:59.909Z,3.909,1,48.5,48.75,32.75,62.1,106,33.45,47.17,995.1,11635,S05
2026-08-21T10:12:26.000Z,676,series/20260821_115655/20260821_131226.jpg,VALID,2026-08-21T10:12:29.919Z,3.919,1,48.5,49,32.75,61.8,105.3,33.5,46.73,995.1,11665,S05
2026-08-21T10:12:56.000Z,675,series/20260821_115655/20260821_131256.jpg,VALID,2026-08-21T10:12:59.932Z,3.932,1,48.5,49,32.75,61.6,105.1,33.79,46.85,995.1,11695,S05
2026-08-21T10:13:26.000Z,671,series/20260821_115655/20260821_131326.jpg,VALID,2026-08-21T10:13:29.945Z,3.945,1,48.5,49,32.75,61.2,104.3,33.56,47.05,995.1,11725,S05
2026-08-21T10:13:56.000Z,668,series/20260821_115655/20260821_131356.jpg,VALID,2026-08-21T10:13:59.954Z,3.954,1,48.75,49,32.75,60.9,103.9,32.86,47.43,995.1,11755,S05
2026-08-21T10:14:26.000Z,666,series/20260821_115655/20260821_131426.jpg,VALID,2026-08-21T10:14:29.963Z,3.963,1,48.75,49,33,60.6,103.3,32.86,48.1,995.1,11785,S05
2026-08-21T10:14:56.000Z,661,series/20260821_115655/20260821_131456.jpg,VALID,2026-08-21T10:14:59.974Z,3.974,1,48.5,48.75,33,60,102.3,33.27,47.49,995,11815,S05
2026-08-21T10:15:26.000Z,659,series/20260821_115655/20260821_131526.jpg,VALID,2026-08-21T10:15:29.988Z,3.988,1,48.5,49,33,59.9,102.1,33.39,47.67,995,11845,S05
2026-08-21T10:15:56.000Z,659,series/20260821_115655/20260821_131556.jpg,VALID,2026-08-21T10:15:59.991Z,3.991,1,48.75,49,33,59.9,102.1,33.49,47.23,995,11875,S05
2026-08-21T10:16:26.000Z,662,series/20260821_115655/20260821_131626.jpg,VALID,2026-08-21T10:16:30.003Z,4.003,1,48.75,49,33.25,60.2,102.9,33.63,47.33,995,11905,S05
2026-08-21T10:16:56.000Z,657,series/20260821_115655/20260821_131656.jpg,VALID,2026-08-21T10:17:00.015Z,4.015,1,49,49.25,33.25,59.8,102,33.02,47.62,995,11935,S05
2026-08-21T10:17:26.000Z,660,series/20260821_115655/20260821_131726.jpg,VALID,2026-08-21T10:17:30.028Z,4.028,1,49,49.25,33.25,60.1,102.3,33.31,47.41,994.9,11965,S05
2026-08-21T10:17:56.000Z,664,series/20260821_115655/20260821_131756.jpg,VALID,2026-08-21T10:18:00.042Z,4.042,1,49,49.25,33.5,60.5,103,32.97,47.85,994.9,11995,S05
2026-08-21T10:18:26.000Z,664,series/20260821_115655/20260821_131826.jpg,VALID,2026-08-21T10:18:30.047Z,4.047,1,49,49.25,33.5,60.5,103.2,33.25,48.13,994.9,12025,S05
2026-08-21T10:18:56.000Z,660,series/20260821_115655/20260821_131856.jpg,VALID,2026-08-21T10:19:00.058Z,4.058,1,49.25,49.25,33.75,60.2,102.6,33.62,47.35,994.9,12055,S05
2026-08-21T10:19:26.000Z,668,series/20260821_115655/20260821_131926.jpg,VALID,2026-08-21T10:19:30.070Z,4.07,1,49.25,49.5,33.5,60.9,103.8,33.88,46.61,994.9,12085,S05
